"1860 - 1932","1932"
"1844 - 1916","1916"
"1858 - 1937","1937"
"1824 - 1906","1906"
"1844 - 1916","1916"
"1871 - 1951","1951"
"1784 - 1861","1861"
"1844 - 1916","1916"
"Florence","none"
"1779 - 1843. After Titian (Tiziano Vecellio)","1843"
"1836 - 1910","1910"
"1743 - 1812","1812"
"1844 - 1916","1916"
"1836 - 1910","1910"
"1823-1880","1880"
"1888 - 1946","1946"
"1844 - 1916","1916"
"1905 - 1998. Made by Libbey Glass Company","1998"
"1860 - 1932","1932"
"1858 - 1937","1937"
"1824 - 1906","1906"
"1871 - 1951","1951"
"1784 - 1861","1861"
"1844 - 1916","1916"
"1779 - 1843","1843"
"1743 - 1812","1812"
"1743 - 1812","1812"
"1743 - 1812","1812"
"1823-1880","1880"
"1743 - 1812","1812"
"1888 - 1946","1946"
"1888 - 1946","1946"
"1836 - 1910","1910"
"1836 - 1910","1910"
"1836 - 1910","1910"
"1836 - 1910","1910"
"1836 - 1910. Published by Harper's Weekly.","1910"
"1905 - 1998. Made by Libbey Glass Company","1998"
"1836 - 1910","1910"
"1836 - 1910","1910"
"Cuban.","none"
"Cuban.","none"
"1836 - 1910","1910"
"1835 - 1837","1837"
"New Jersey","none"
"1835 - 1837","1837"
"1835 - 1837","1837"
"1835 - 1837","1837"
"Ohio","none"
"1835 - 1837","1837"
"New Jersey","none"
"1835 - 1837","1837"
"Ohio","none"
"1835 - 1837","1837"
"1836 - 1880","1880"
"1917 - 2008","2008"
"1917 - 2008","2008"
"1917 - 2008","2008"
"1917 - 2008","2008"
"1917 - 2008","2008"
"1917 - 2008","2008"
"1917 - 2008","2008"
"1917 - 2008","2008"
"1917 - 2008","2008"
"1917 - 2008","2008"
"1917 - 2008","2008"
"1917 - 2008","2008"
"1917 - 2008","2008"
"1917 - 2008","2008"
"1917 - 2008","2008"
"1917 - 2008. Printed by Tamarind Institute","2008"
"1917 - 2008","2008"
"1917 - 2008","2008"
"1917 - 2008","2008"
"1917 - 2008","2008"
"1917 - 2008","2008"
"1917 - 2008","2008"
"1917 - 2008","2008"
"1917 - 2008","2008"
"1917 - 2008","2008"
"1917 - 2008","2008"
"1917 - 2008","2008"
"1890 - 1976. Printed by Richard Benson","1976"
"1890 - 1976. Printed by Richard Benson","1976"
"1890 - 1976. Printed by Richard Benson","1976"
"1890 - 1976. Printed by Richard Benson","1976"
"1890 - 1976","1976"
"1890 - 1976","1976"
"1890 - 1976","1976"
"1890 - 1976","1976"
"1890 - 1976","1976"
"1890 - 1976","1976"
"1917 - 2008","2008"
"1890 - 1976","1976"
"1917 - 2008","2008"
"1890 - 1976","1976"
"1835 - 1896","1896"
"active Philadelphia c. 1790 - 1814","1814"
"1740 - 1795","1795"
"1740 - 1795","1795"
"1740 - 1795","1795"
"1740 - 1795. Carving attributed to Nicholas Bernard and Martin Jugiez","1795"
"1740 - 1795. Made for General John Cadwalader","1795"
"1740 - 1795","1795"
"1835 - 1896","1896"
"active Philadelphia c. 1790 - 1814","1814"
"1740 - 1795. Carving attributed to Nicholas Bernard and Martin Jugiez","1795"
"1740 - 1795","1795"
"1740 - 1795","1795"
"1740 - 1795. Made for General John Cadwalader","1795"
"1740 - 1795","1795"
"1740 - 1795","1795"
"1835 - 1837","1837"
"New York","none"
"New York","none"
"New York","none"
"New York","none"
"Ohio","none"
"1851 - 1888","1888"
"1851 - 1888","1888"
"Ohio","none"
"1851 - 1888","1888"
"1851 - 1888","1888"
"1905 - 1998. Made by Libbey Glass Company","1998"
"born 1925. Made by Knoll","none"
"1909 - 2003","2003"
"1893 - 1998","1998"
"1908 - 1986. Made from c. 1948 to 1969 by Howard Miller Clock Company","1986"
"born 1960. Made by Curvet USA.","none"
"active c. 1896 - 1908","1908"
"c. 1900 - c. 1978. Made by Nessen Lamps","1978"
"1894 - 1984","1984"
"1904 - 1988. Made by George Kovacs Lighting","1988"
"1904 - 1988. Made by George Kovacs Lighting","1988"
"1904 - 1988. Made by George Kovacs Lighting","1988"
"1904 - 1988. Made by George Kovacs Lighting","1988"
"1904 - 1988. Made by George Kovacs Lighting","1988"
"1904 - 1988. Made by George Kovacs Lighting","1988"
"1909 - 2003","2003"
"1909 - 2003","2003"
"1908 - 1986. Made from c. 1948 to 1969 by Howard Miller Clock Company","1986"
"1893 - 1998","1998"
"born 1960. Made by Curvet USA.","none"
"c. 1900 - c. 1978. Made by Nessen Lamps","1978"
"1904 - 1988. Made by George Kovacs Lighting","1988"
"1904 - 1988. Made by George Kovacs Lighting","1988"
"1894 - 1984","1984"
"1904 - 1988. Made by George Kovacs Lighting","1988"
"1904 - 1988. Made by George Kovacs Lighting","1988"
"1904 - 1988. Made by George Kovacs Lighting","1988"
"1904 - 1988. Made by George Kovacs Lighting","1988"
"1905 - 1998. Made by Libbey Glass Company","1998"
"1909 - 2003","2003"
"born 1925. Made by Knoll","none"
"1905 - 1998. Made by Libbey Glass Company","1998"
"1893 - 1998","1998"
"born 1960. Made by Curvet USA.","none"
"1908 - 1986. Made from c. 1948 to 1969 by Howard Miller Clock Company","1986"
"active c. 1896 - 1908","1908"
"c. 1900 - c. 1978. Made by Nessen Lamps","1978"
"c. 1900 - c. 1978. Made by Nessen Lamps","1978"
"1894 - 1984","1984"
"1904 - 1988. Made by George Kovacs Lighting","1988"
"1904 - 1988. Made by George Kovacs Lighting","1988"
"1904 - 1988. Made by George Kovacs Lighting","1988"
"1904 - 1988. Made by George Kovacs Lighting","1988"
"1904 - 1988. Made by George Kovacs Lighting","1988"
"1988 - present. Made by Knoll","none"
"1924 - 2010. Made by General Fireproofing","2010"
"1904 - 1988. Made by George Kovacs Lighting","1988"
"1988 - present. Made by Knoll","none"
"1904 - 1988. Made by George Kovacs Lighting","1988"
"1904 - 1988. Made by George Kovacs Lighting","1988"
"1904 - 1988. Made by George Kovacs Lighting","1988"
"1904 - 1988. Made by George Kovacs Lighting","1988"
"1904 - 1988. Made by George Kovacs Lighting","1988"
"1904 - 1988. Made by George Kovacs Lighting","1988"
"1904 - 1988. Made by George Kovacs Lighting","1988"
"1894 - 1984","1984"
"active c. 1896 - 1908","1908"
"c. 1900 - c. 1978. Made by Nessen Lamps","1978"
"active c. 1896 - 1908","1908"
"born 1960. Made by Curvet USA.","none"
"1908 - 1986. Made from c. 1948 to 1969 by Howard Miller Clock Company","1986"
"1904 - 1988. Made by Knoll","1988"
"1894 - 1984","1984"
"1894 - 1984","1984"
"1904 - 1988. Made by George Kovacs Lighting","1988"
"1924 - 2010. Made by General Fireproofing","2010"
"1988 - present. Made by Knoll","none"
"active c. 1896 - 1908","1908"
"1904 - 1988. Made by George Kovacs Lighting","1988"
"American","none"
"1908 - 1986. Made from c. 1948 to 1969 by Howard Miller Clock Company","1986"
"1893 - 1998","1998"
"c. 1900 - c. 1978. Made by Nessen Lamps","1978"
"1893 - 1998","1998"
"1893 - 1998","1998"
"1893 - 1998","1998"
"1893 - 1998","1998"
"1893 - 1998","1998"
"1893 - 1998","1998"
"1893 - 1998","1998"
"1893 - 1998","1998"
"1893 - 1998","1998"
"1893 - 1998","1998"
"1893 - 1998","1998"
"1904 - 1988. Made by George Kovacs Lighting","1988"
"1893 - 1998","1998"
"1893 - 1998","1998"
"1893 - 1998","1998"
"1893 - 1998","1998"
"1893 - 1998","1998"
"born 1960. Made by Bozart","none"
"1893 - 1998","1998"
"1893 - 1998","1998"
"1893 - 1998","1998"
"1893 - 1998","1998"
"1893 - 1998","1998"
"1893 - 1998","1998"
"1893 - 1998","1998"
"1893 - 1998","1998"
"1893 - 1998","1998"
"1893 - 1998","1998"
"1893 - 1998","1998"
"1893 - 1998","1998"
"1893 - 1998","1998"
"1893 - 1998","1998"
"1893 - 1998","1998"
"1893 - 1998","1998"
"1893 - 1998","1998"
"1893 - 1998","1998"
"1893 - 1998","1998"
"1893 - 1998","1998"
"1893 - 1998","1998"
"1893 - 1998","1998"
"1893 - 1998","1998"
"1893 - 1998","1998"
"1893 - 1998","1998"
"1893 - 1998","1998"
"1893 - 1998","1998"
"1893 - 1998","1998"
"1893 - 1998","1998"
"1893 - 1998","1998"
"1893 - 1998","1998"
"1893 - 1998","1998"
"1893 - 1998","1998"
"1893 - 1998","1998"
"1893 - 1998","1998"
"1893 - 1998","1998"
"1893 - 1998","1998"
"1893 - 1998","1998"
"1893 - 1998","1998"
"1893 - 1998","1998"
"1893 - 1998","1998"
"1893 - 1998","1998"
"1893 - 1998","1998"
"1893 - 1998","1998"
"1893 - 1998","1998"
"1893 - 1998","1998"
"1893 - 1998","1998"
"1893 - 1998","1998"
"1893 - 1998","1998"
"1893 - 1998","1998"
"1893 - 1998","1998"
"1893 - 1998","1998"
"1893 - 1998","1998"
"1893 - 1998","1998"
"1893 - 1998","1998"
"1893 - 1998","1998"
"1893 - 1998","1998"
"1893 - 1998","1998"
"1893 - 1998","1998"
"1893 - 1998","1998"
"1893 - 1998","1998"
"1893 - 1998","1998"
"born 1960. Made by Umbra","none"
"1893 - 1998","1998"
"born 1960. Made by Umbra","none"
"born 1960. Made by Umbra","none"
"born 1960. Made by Umbra","none"
"born 1960. Made by Curvet USA.","none"
"1904 - 1988. Made by George Kovacs Lighting","1988"
"1904 - 1988. Made by George Kovacs Lighting","1988"
"1904 - 1988. Made by George Kovacs Lighting","1988"
"1904 - 1988. Made by George Kovacs Lighting","1988"
"born 1925. Made by Knoll","none"
"1893 - 1998","1998"
"1893 - 1998","1998"
"1988 - present. Made by Knoll","none"
"1924 - 2010. Made by General Fireproofing","2010"
"New York","none"
"1851 - 1888","1888"
"Ohio","none"
"1851 - 1888","1888"
"1909 - 2003","2003"
"1909 - 2003","2003"
"New York","none"
"1909 - 2003","2003"
"1890 - 1976. Printed by Richard Benson","1976"
"1890 - 1976. Printed by Richard Benson","1976"
"1890 - 1976. Printed by Richard Benson","1976"
"1890 - 1976","1976"
"1890 - 1976. Printed by Richard Benson","1976"
"1890 - 1976. Printed by Richard Benson","1976"
"1890 - 1976. Printed by Richard Benson","1976"
"1890 - 1976","1976"
"1890 - 1976","1976"
"1890 - 1976","1976"
"1890 - 1976","1976"
"1890 - 1976","1976"
"born 1960. Made by Umbra","none"
"1890 - 1976","1976"
"born 1960. Made by Umbra","none"
"born 1960. Made by Umbra","none"
"born 1960. Made by Umbra","none"
"born 1925. Made by Solebury Forge","none"
"born 1925. Made for Robert Swid Powell","none"
"born 1925","none"
"born 1925","none"
"born 1925. Made by Alessi S.p.A.","none"
"born 1925. Made for Swid Powell","none"
"born 1925. Made by Swid Powell","none"
"born 1925. Made by Knoll","none"
"born 1925. Made by the The Fabric Workshop and Museum","none"
"born 1925. Made by The Fabric Workshop and Museum","none"
"born 1925. Made by Knoll","none"
"born 1925. Made by Swid Powell","none"
"born 1925. Made by Swid Powell","none"
"born 1925","none"
"born 1925. Made by Knoll","none"
"1890 - 1976","1976"
"American","none"
"American","none"
"1742 - 1831","1831"
"American","none"
"American","none"
"1742 - 1831","1831"
"American","none"
"American","none"
"1742 - 1831","1831"
"1745 - 1831","1831"
"1745 - 1831","1831"
"1905 - 1986","1986"
