"1226 30","1226 30th st, Los Angeles, CA"
"3416 walton ave","3416 walton ave, Los Angeles, CA"
"2803 menlo ave","2803 menlo ave, Los Angeles, CA"
"2676 magnolia ave","2676 magnolia ave, Los Angeles, CA"
"2353 portland st","2353 portland st, Los Angeles, CA"
"2656 ellendale pl","2656 ellendale pl, Los Angeles, CA"
"738 27","738 27th st, Los Angeles, CA"
"720 27","720 27th st, Los Angeles, CA"
"2658 menlo ave","2658 menlo ave, Los Angeles, CA"
"1189 29","1189 29th st, Los Angeles, CA"
"1015 23","1015 23th st, Los Angeles, CA"
"3426 walton ave","3426 walton ave, Los Angeles, CA"
"1219 27","1219 27th st, Los Angeles, CA"
"1141 36st","1141 36th st, Los Angeles, CA"
"2726 menlo ave","2726 menlo ave, Los Angeles, CA"
"2809 ellendale pl","2809 ellendale pl, Los Angeles, CA"
"2905 hoover st","2905 hoover st, Los Angeles, CA"
"1352 29","1352 29th st, Los Angeles, CA"
"1337 36th place","1337 36th place, Los Angeles, CA"
"3711 catalina st","3711 catalina st, Los Angeles, CA"
"2353 portland st","2353 portland st, Los Angeles, CA"
"1230 29","1230 29th st, Los Angeles, CA"
"2707 portland st","2707 portland st, Los Angeles, CA"
"1286 adams blvd","1286 adams blvd, Los Angeles, CA"
"1150 36st","1150 36th st, Los Angeles, CA"
"2353 portland st","2353 portland st, Los Angeles, CA"
"1128 36th place","1128 36th place, Los Angeles, CA"
"2707 portland st","2707 portland st, Los Angeles, CA"
"2801 ellendale pl","2801 ellendale pl, Los Angeles, CA"
"2632 ellendale pl","2632 ellendale pl, Los Angeles, CA"
"1210 adams blvd","1210 adams blvd, Los Angeles, CA"
"2360 portland st","2360 portland st, Los Angeles, CA"
"1286 adams blvd","1286 adams blvd, Los Angeles, CA"
"2623 monmouth ave","2623 monmouth ave, Los Angeles, CA"
"2813 ellendale pl","2813 ellendale pl, Los Angeles, CA"
"2676 magnolia ave","2676 magnolia ave, Los Angeles, CA"
"1156 exposition blvd","1156 exposition blvd, Los Angeles, CA"
"710 27","710 27th st, Los Angeles, CA"
"2674 ellendale pl","2674 ellendale pl, Los Angeles, CA"
"2701 severance st","2701 severance st, Los Angeles, CA"
"1346 29","1346 29th st, Los Angeles, CA"
"3434 grand ave","3434 grand ave, Los Angeles, CA"
"1024 24st","1024 24th st, Los Angeles, CA"
"3030 shrine place","3030 shrine place, Los Angeles, CA"
"1124 29th st","1124 29th st, Los Angeles, CA"
"1142 37st","1142 37th st, Los Angeles, CA"
"1217 37 portland st","1217 37 portland st, Los Angeles, CA"
"631 west 28th street","631 west 28th street, Los Angeles, CA"
"2809 ellendale pl","2809 ellendale pl, Los Angeles, CA"
