"120 x 600 inches","none"
"75 x 50 inches","none"
"38 x 30 inches","none"
"4 3/4 x 3 5/8 inches","none"
"23 1/16 x 30 1/8 inches","none"
"55 x 54 x 22 7/8 inches","22 7/8"
"78 x 163 3/16 inches","none"
"22 3/8 x 21 1/2 inches","none"
"40 1/16 x 29 3/4 inches","none"
"58 1/8 x 38 1/8 inches","none"
"132 x 246 x 1416 inches","1416"
"36 1/8 x 27 1/8 inches","none"
"22 x 16 1/8 x 5 1/4 inches","5 1/4"
"14 1/4 x 18 5/8 inches","none"
"15  x 53  x 17 inches","17"
"48 x 30 inches","none"
"12 x 7 inches","none"
"10 x 12 inches","none"
"27 x 29 5/8 inches","none"
"46 x 18  x 19  inches","19"
"37 3/8 x 17 x 18 1/4 inches","18 1/4"
"3/4 x 2 7/16 x 3 3/8 inches","3 3/8"
"21 1/2 x 8 3/8 x 8 3/8 inches","8 3/8"
"8 1/8 x 15 5/8 inches","none"
"8 7/8 x 11 7/8 inches","none"
"45  x 32  x 31  inches","31"
"106 x 69 x 28 inches","28"
"87 x 41  x 23 inches","23"
"19 x 29 inches","none"
"17  x 24 inches","none"
"8 x 5 3/16 inches","none"
"86 1/2 x 131 9/16 x 1 3/4 inches","1 3/4"
"27 1/4 x 40 1/8 inches","none"
"32 3/8 x 42 3/8 inches","none"
"55 x 79 5/16 inches","none"
"27 3/4 x 32 1/8 x 23 5/8 inches","23 5/8"
"29 1/2 x 49 7/8 x 22 1/2 inches","22 1/2"
"16  x 13  inches","none"
"41 3/8 x 37 1/2 x 19 1/2 inches","19 1/2"
"36 1/2 x 20 3/4 x 20 7/8 inches","20 7/8"
"94 5/8 x 40 x 21 3/8 inches","21 3/8"
"34 1/2 x 20 x 20 1/2 inches","20 1/2"
"94 3/8 x 46 1/2 x 30 5/8 inches","30 5/8"
"34 1/2 x 39 1/4 x 22 inches","22"
"6 15/16 x 5 1/16 x 8 inches","8"
"37 5/8 x 23 1/2 x 20 3/4 inches","20 3/4"
"36 x 47 7/8 inches","none"
"68 x 40 x 22 inches","22"
"11 x 21 x 12 inches","12"
"39 x 22 x 19 inches","19"
"13  x 77 x 30 inches","30"
"19 x 13 x 7 3/8 inches","7 3/8"
"8 5/8 x 14 3/8 x 10 inches","10"
"7 1/8 x 1 9/16 x 5 3/16 inches","5 3/16"
"70 1/8 x 40 1/8 inches","none"
"30 x 46 7/16 inches","none"
"25 3/4 x 31 7/8 inches","none"
"96 x 144 inches","none"
"24 x 30 inches","none"
"92 7/8 x 80 inches","none"
"31 3/4 x 10 1/4 x 11 7/8 inches","11 7/8"
"25 x 30 inches","none"
"69 x 110 x 30 inches","30"
"160 inches","none"
"76 x 48 inches","none"
"90 x 72 inches","none"
"76 x 106 inches","none"
"38 3/8 x 98 inches","none"
"44 4/16 x 54 inches","none"
"30 1/8 x 25 1/8 inches","none"
"75 x 22 7/8 x 21 1/2 inches","21 1/2"
"2 x 11 x 13 inches","13"
"69 1/8 x 51 3/8 inches","none"
"120 x 59 x 64 inches","64"
"36 1/8 x 60 x 60 inches","60"
"118 x 118 x 41 inches","41"
"67 x 87 x 14 inches","14"
"68 5/8 x 68 5/8 inches","none"
"30 1/8 x 25 1/2 inches","none"
"48 5/8 x 36 1/4 inches","none"
"36 1/8 x 29 inches","none"
"69 x 78 1/2 inches","none"
"27 1/4 x 40 1/8 inches","none"
"44 x 49 inches","none"
"49 7/8 x 39 7/8 inches","none"
"13 x 18 13/16 inches","none"
"44 x 38 inches","none"
"17 3/8 x 21 3/8 inches","none"
"80 x 80 inches","none"
"83 x 92 x 9 inches","9"
"81 3/16 x 61 3/16 inches","none"
"31 3/4 x 54 1/8 x 3 7/8 inches","3 7/8"
"59 x 95 inches","none"
"14 1/8 x 6 x 6 inches","6"
"120 x 96 inches","none"
"43 x 28 3/4 inches","none"
"48 x 36 inches","none"
"19 x 25 inches","none"
"86 x 37 1/4 x 15 3/4 inches","15 3/4"
"14 3/8 x 13 9/16 inches","none"
"9 5/8 x 12 11/16 inches","none"
"23 5/16 x 19 1/4 inches","none"
"68 x 72 x 30 inches","30"
"2  x 9 x 9  inches","9"
"28 5/8 x 15 1/2 x 13 1/2 inches","13 1/2"
"2  x 5  x 5 3/8 inches","5 3/8"
"66 x 20 x 33 inches","33"
"14 13/16 x 24 inches","none"
"36 x 30 3/16 inches","none"
"40 x 30 inches","none"
"35 x 40 inches","none"
"17 5/8 x 23 5/8 inches","none"
"23 1/4 x 13 5/8 x 3/4 inches","3/4"
"15  x 7  inches","none"
"25 1/4 x 11 3/4 x 7 1/8 inches","7 1/8"
"5 3/8 x 6 x 3 inches","3"
"14 1/4 x 11 3/4 x 10 1/8 inches","10 1/8"
"39 x 21 x 24 inches","24"
"108 x 90 inches","none"
"92 x 51 x 51 inches","51"
"96 x 76 inches","none"
"30 x 36  inches","none"
"87 1/8 x 77 1/4 inches","none"
"27 7/8 x 39 3/4 inches","none"
"33 1/8 x 23 1/8 inches","none"
"27  x 40  inches","none"
"42 3/8 x 35 3/4 x 3 3/8 inches","3 3/8"
"22 5/8 x 22 3/4 x 15 1/4 inches","15 1/4"
"15 x 19  inches","none"
"27 1/8 x 45 1/4 inches","none"
"15 x 12 inches","none"
"18 x 20 3/4 inches","none"
"27 1/8 x 40 inches","none"
"34 5/16 x 48 1/8 inches","none"
"7 5/8 x 9 1/2 inches","none"
"10 11/16 x 15 5/8 inches","none"
"28  x 36 inches","none"
"120 x 240 x 120 inches","120"
"26 5/8 x 29 5/8 x 10 3/4 inches","10 3/4"
"20 x 44 inches","none"
"13 x 13 inches","none"
"24 x 20 inches","none"
"17 1/16 x 21 3/16 inches","none"
"40 1/2 x 12 x 12 inches","12"
