"Sen. Lisa Murkowski [R-AK]","none"
"Sen. Mark Begich [D-AK]","none"
"Rep. Don Young [R-AK0]","none"
"Sen. Jefferson ""Jeff"" Sessions [R-AL]","Jeff"
"Sen. Richard Shelby [R-AL]","none"
"Rep. Terri Sewell [D-AL7]","none"
"Rep. Mo Brooks [R-AL5]","none"
"Rep. Martha Roby [R-AL2]","none"
"Rep. Mike Rogers [R-AL3]","none"
"Rep. Spencer Bachus [R-AL6]","none"
"Rep. Robert Aderholt [R-AL4]","none"
"Sen. John Boozman [R-AR]","none"
"Sen. Mark Pryor [D-AR]","none"
"Rep. Tom Cotton [R-AR4]","none"
"Rep. Steve Womack [R-AR3]","none"
"Rep. Tim Griffin [R-AR2]","none"
"Rep. Eric ""Rick"" Crawford [R-AR1]","Rick"
"Del. Eni Faleomavaega [D-AS0]","none"
"Sen. John McCain [R-AZ]","none"
"Rep. Kyrsten Sinema [D-AZ9]","none"
"Rep. Ron Barber [D-AZ2]","none"
"Rep. David Schweikert [R-AZ6]","none"
"Rep. Paul Gosar [R-AZ4]","none"
"Rep. Ann Kirkpatrick [D-AZ1]","none"
"Rep. Matt Salmon [R-AZ5]","none"
"Rep. Ed Pastor [D-AZ7]","none"
"Rep. Raul Grijalva [D-AZ3]","none"
"Rep. Trent Franks [R-AZ8]","none"
"Sen. Jeff Flake [R-AZ]","none"
"Sen. Barbara Boxer [D-CA]","none"
"Rep. Scott Peters [D-CA52]","none"
"Rep. Juan Vargas [D-CA51]","none"
"Rep. Alan Lowenthal [D-CA47]","none"
"Rep. Mark Takano [D-CA41]","none"
"Rep. Raul Ruiz [D-CA36]","none"
"Rep. Gloria Negrete McLeod [D-CA35]","none"
"Rep. Tony Cardenas [D-CA29]","none"
"Rep. Julia Brownley [D-CA26]","none"
"Rep. David Valadao [R-CA21]","none"
"Rep. Eric Swalwell [D-CA15]","none"
"Rep. Paul Cook [R-CA8]","none"
"Rep. Ami Bera [D-CA7]","none"
"Rep. Jared Huffman [D-CA2]","none"
"Rep. Doug LaMalfa [R-CA1]","none"
"Rep. Janice Hahn [D-CA44]","none"
"Rep. Karen Bass [D-CA37]","none"
"Rep. Jeff Denham [R-CA10]","none"
"Rep. John Garamendi [D-CA3]","none"
"Rep. Judy Chu [D-CA27]","none"
"Rep. Tom McClintock [R-CA4]","none"
"Rep. Duncan Hunter [R-CA50]","none"
"Rep. Jackie Speier [D-CA14]","none"
"Rep. Kevin McCarthy [R-CA23]","none"
"Rep. Jerry McNerney [D-CA9]","none"
"Rep. John Campbell [R-CA45]","none"
"Rep. Doris Matsui [D-CA6]","none"
"Rep. Jim Costa [D-CA16]","none"
"Sen. Dianne Feinstein [D-CA]","none"
"Rep. Henry Waxman [D-CA33]","none"
"Rep. Maxine Waters [D-CA43]","none"
"Rep. Mike Thompson [D-CA5]","none"
"Rep. Brad Sherman [D-CA30]","none"
"Rep. Adam Schiff [D-CA28]","none"
"Rep. Loretta Sanchez [D-CA46]","none"
"Rep. Linda Sanchez [D-CA38]","none"
"Rep. Edward ""Ed"" Royce [R-CA39]","Ed"
"Rep. Lucille Roybal-Allard [D-CA40]","none"
"Rep. Dana Rohrabacher [R-CA48]","none"
"Rep. Nancy Pelosi [D-CA12]","none"
"Rep. Devin Nunes [R-CA22]","none"
"Rep. Grace Napolitano [D-CA32]","none"
"Rep. George Miller [D-CA11]","none"
"Rep. Gary Miller [R-CA31]","none"
"Rep. Howard ""Buck"" McKeon [R-CA25]","Buck"
"Rep. Zoe Lofgren [D-CA19]","none"
"Rep. Barbara Lee [D-CA13]","none"
"Rep. Darrell Issa [R-CA49]","none"
"Rep. Michael ""Mike"" Honda [D-CA17]","Mike"
"Rep. Sam Farr [D-CA20]","none"
"Rep. Anna Eshoo [D-CA18]","none"
"Rep. Susan Davis [D-CA53]","none"
"Rep. Lois Capps [D-CA24]","none"
"Rep. Ken Calvert [R-CA42]","none"
"Rep. Xavier Becerra [D-CA34]","none"
"Sen. Mark Udall [D-CO]","none"
"Sen. Michael Bennet [D-CO]","none"
"Rep. Cory Gardner [R-CO4]","none"
"Rep. Scott Tipton [R-CO3]","none"
"Rep. Jared Polis [D-CO2]","none"
"Rep. Mike Coffman [R-CO6]","none"
"Rep. Ed Perlmutter [D-CO7]","none"
"Rep. Doug Lamborn [R-CO5]","none"
"Rep. Diana DeGette [D-CO1]","none"
"Sen. Richard Blumenthal [D-CT]","none"
"Rep. Elizabeth Esty [D-CT5]","none"
"Rep. James Himes [D-CT4]","none"
"Sen. Christopher Murphy [D-CT]","none"
"Rep. Joe Courtney [D-CT2]","none"
"Rep. John Larson [D-CT1]","none"
"Rep. Rosa DeLauro [D-CT3]","none"
"Del. Eleanor Norton [D-DC0]","none"
"Sen. Chris Coons [D-DE]","none"
"Rep. John Carney [D-DE0]","none"
"Sen. Thomas Carper [D-DE]","none"
"Sen. Marco Rubio [R-FL]","none"
"Rep. Joe Garcia [D-FL26]","none"
"Rep. Lois Frankel [D-FL22]","none"
"Rep. Trey Radel [R-FL19]","none"
"Rep. Patrick Murphy [D-FL18]","none"
"Rep. Ron DeSantis [R-FL6]","none"
"Rep. Ted Yoho [R-FL3]","none"
"Rep. Frederica Wilson [D-FL24]","none"
"Rep. Dennis Ross [R-FL15]","none"
"Rep. Daniel Webster [R-FL10]","none"
"Rep. Richard Nugent [R-FL11]","none"
"Rep. Steve Southerland [R-FL2]","none"
"Rep. Theodore Deutch [D-FL21]","none"
"Rep. Thomas Rooney [R-FL17]","none"
"Rep. Bill Posey [R-FL8]","none"
"Rep. Alan Grayson [D-FL9]","none"
"Rep. Gus Bilirakis [R-FL12]","none"
"Rep. Vern Buchanan [R-FL16]","none"
"Rep. Kathy Castor [D-FL14]","none"
"Rep. Debbie Wasserman Schultz [D-FL23]","none"
"Sen. Bill Nelson [D-FL]","none"
"Rep. Ileana Ros-Lehtinen [R-FL27]","none"
"Rep. Jeff Miller [R-FL1]","none"
"Rep. John Mica [R-FL7]","none"
"Rep. Alcee Hastings [D-FL20]","none"
"Rep. Mario Diaz-Balart [R-FL25]","none"
"Rep. Ander Crenshaw [R-FL4]","none"
"Rep. Corrine Brown [D-FL5]","none"
"Sen. John ""Johnny"" Isakson [R-GA]","Johnny"
"Sen. Saxby Chambliss [R-GA]","none"
"Rep. Doug Collins [R-GA9]","none"
"Rep. Austin Scott [R-GA8]","none"
"Rep. Rob Woodall [R-GA7]","none"
"Rep. Tom Graves [R-GA14]","none"
"Rep. Paul Broun [R-GA10]","none"
"Rep. Henry ""Hank"" Johnson [D-GA4]","Hank"
"Rep. John Barrow [D-GA12]","none"
"Rep. Lynn Westmoreland [R-GA3]","none"
"Rep. Tom Price [R-GA6]","none"
"Rep. David Scott [D-GA13]","none"
"Rep. John Lewis [D-GA5]","none"
"Rep. Jack Kingston [R-GA1]","none"
"Rep. Phil Gingrey [R-GA11]","none"
"Rep. Sanford Bishop [D-GA2]","none"
"Del. Madeleine Bordallo [D-GU0]","none"
"Sen. Brian Schatz [D-HI]","none"
"Rep. Tulsi Gabbard [D-HI2]","none"
"Rep. Colleen Hanabusa [D-HI1]","none"
"Sen. Mazie Hirono [D-HI]","none"
"Sen. Charles ""Chuck"" Grassley [R-IA]","Chuck"
"Sen. Thomas ""Tom"" Harkin [D-IA]","Tom"
"Rep. David Loebsack [D-IA2]","none"
"Rep. Bruce Braley [D-IA1]","none"
"Rep. Tom Latham [R-IA3]","none"
"Rep. Steve King [R-IA4]","none"
"Sen. Michael Crapo [R-ID]","none"
"Sen. James Risch [R-ID]","none"
"Rep. Raul Labrador [R-ID1]","none"
"Rep. Michael ""Mike"" Simpson [R-ID2]","Mike"
"Sen. Mark Kirk [R-IL]","none"
"Sen. Richard Durbin [D-IL]","none"
"Rep. Cheri Bustos [D-IL17]","none"
"Rep. Rodney Davis [R-IL13]","none"
"Rep. William Enyart [D-IL12]","none"
"Rep. Bradley Schneider [D-IL10]","none"
"Rep. Tammy Duckworth [D-IL8]","none"
"Rep. Randy Hultgren [R-IL14]","none"
"Rep. Adam Kinzinger [R-IL16]","none"
"Rep. Mike Quigley [D-IL5]","none"
"Rep. Aaron Schock [R-IL18]","none"
"Rep. Bill Foster [D-IL11]","none"
"Rep. Peter Roskam [R-IL6]","none"
"Rep. Daniel Lipinski [D-IL3]","none"
"Rep. John Shimkus [R-IL15]","none"
"Rep. Janice ""Jan"" Schakowsky [D-IL9]","Jan"
"Rep. Bobby Rush [D-IL1]","none"
"Rep. Luis Gutierrez [D-IL4]","none"
"Rep. Danny Davis [D-IL7]","none"
"Rep. Robin Kelly [D-IL2]","none"
"Sen. Daniel Coats [R-IN]","none"
"Rep. Luke Messer [R-IN6]","none"
"Rep. Susan Brooks [R-IN5]","none"
"Rep. Jackie Walorski [R-IN2]","none"
"Rep. Todd Young [R-IN9]","none"
"Rep. Larry Bucshon [R-IN8]","none"
"Rep. Todd Rokita [R-IN4]","none"
"Rep. Marlin Stutzman [R-IN3]","none"
"Rep. Andre Carson [D-IN7]","none"
"Sen. Joe Donnelly [D-IN]","none"
"Rep. Peter Visclosky [D-IN1]","none"
"Sen. Jerry Moran [R-KS]","none"
"Sen. Pat Roberts [R-KS]","none"
"Rep. Mike Pompeo [R-KS4]","none"
"Rep. Kevin Yoder [R-KS3]","none"
"Rep. Tim Huelskamp [R-KS1]","none"
"Rep. Lynn Jenkins [R-KS2]","none"
"Sen. Mitch McConnell [R-KY]","none"
"Sen. Rand Paul [R-KY]","none"
"Rep. Garland ""Andy"" Barr [R-KY6]","Andy"
"Rep. Thomas Massie [R-KY4]","none"
"Rep. Brett Guthrie [R-KY2]","none"
"Rep. John Yarmuth [D-KY3]","none"
"Rep. Ed Whitfield [R-KY1]","none"
"Rep. Harold ""Hal"" Rogers [R-KY5]","Hal"
"Sen. David Vitter [R-LA]","none"
"Sen. Mary Landrieu [D-LA]","none"
"Rep. Cedric Richmond [D-LA2]","none"
"Rep. John Fleming [R-LA4]","none"
"Rep. Bill Cassidy [R-LA6]","none"
"Rep. Steve Scalise [R-LA1]","none"
"Rep. Charles Boustany [R-LA3]","none"
"Rep. Joseph Kennedy [D-MA4]","none"
"Sen. Elizabeth Warren [D-MA]","none"
"Rep. William Keating [D-MA9]","none"
"Rep. Niki Tsongas [D-MA3]","none"
"Rep. John Tierney [D-MA6]","none"
"Rep. Richard Neal [D-MA1]","none"
"Rep. James ""Jim"" McGovern [D-MA2]","Jim"
"Rep. Stephen Lynch [D-MA8]","none"
"Rep. Michael Capuano [D-MA7]","none"
"Sen. Edward ""Ed"" Markey [D-MA]","Ed"
"Sen. Barbara Mikulski [D-MD]","none"
"Rep. John Delaney [D-MD6]","none"
"Rep. Andy Harris [R-MD1]","none"
"Rep. Donna Edwards [D-MD4]","none"
"Rep. John Sarbanes [D-MD3]","none"
"Rep. Chris Van Hollen [D-MD8]","none"
"Rep. A. Dutch Ruppersberger [D-MD2]","none"
"Rep. Steny Hoyer [D-MD5]","none"
"Rep. Elijah Cummings [D-MD7]","none"
"Sen. Benjamin Cardin [D-MD]","none"
"Sen. Susan Collins [R-ME]","none"
"Sen. Angus King [I-ME]","none"
"Rep. Chellie Pingree [D-ME1]","none"
"Rep. Michael Michaud [D-ME2]","none"
"Sen. Carl Levin [D-MI]","none"
"Rep. Kerry Bentivolio [R-MI11]","none"
"Rep. Daniel Kildee [D-MI5]","none"
"Rep. Justin Amash [R-MI3]","none"
"Rep. Bill Huizenga [R-MI2]","none"
"Rep. Dan Benishek [R-MI1]","none"
"Rep. Gary Peters [D-MI14]","none"
"Rep. Tim Walberg [R-MI7]","none"
"Sen. Debbie Stabenow [D-MI]","none"
"Rep. Fred Upton [R-MI6]","none"
"Rep. Mike Rogers [R-MI8]","none"
"Rep. Candice Miller [R-MI10]","none"
"Rep. Sander Levin [D-MI9]","none"
"Rep. John Dingell [D-MI12]","none"
"Rep. John Conyers [D-MI13]","none"
"Rep. Dave Camp [R-MI4]","none"
"Sen. Alan ""Al"" Franken [D-MN]","Al"
"Rep. Erik Paulsen [R-MN3]","none"
"Sen. Amy Klobuchar [D-MN]","none"
"Rep. Michele Bachmann [R-MN6]","none"
"Rep. Keith Ellison [D-MN5]","none"
"Rep. Timothy Walz [D-MN1]","none"
"Rep. Richard Nolan [D-MN8]","none"
"Rep. Collin Peterson [D-MN7]","none"
"Rep. Betty McCollum [D-MN4]","none"
"Rep. John Kline [R-MN2]","none"
"Sen. Roy Blunt [R-MO]","none"
"Rep. Ann Wagner [R-MO2]","none"
"Rep. Billy Long [R-MO7]","none"
"Rep. Vicky Hartzler [R-MO4]","none"
"Rep. Blaine Luetkemeyer [R-MO3]","none"
"Sen. Claire McCaskill [D-MO]","none"
"Rep. Emanuel Cleaver [D-MO5]","none"
"Rep. Sam Graves [R-MO6]","none"
"Rep. Lacy Clay [D-MO1]","none"
"Rep. Jason Smith [R-MO8]","none"
"Del. Gregorio Sablan [D-MP0]","none"
"Sen. Thad Cochran [R-MS]","none"
"Sen. Roger Wicker [R-MS]","none"
"Rep. Steven Palazzo [R-MS4]","none"
"Rep. Alan Nunnelee [R-MS1]","none"
"Rep. Gregg Harper [R-MS3]","none"
"Rep. Bennie Thompson [D-MS2]","none"
"Sen. Max Baucus [D-MT]","none"
"Rep. Steve Daines [R-MT0]","none"
"Sen. Jon Tester [D-MT]","none"
"Sen. Richard Burr [R-NC]","none"
"Sen. Kay Hagan [D-NC]","none"
"Rep. George Holding [R-NC13]","none"
"Rep. Mark Meadows [R-NC11]","none"
"Rep. Robert Pittenger [R-NC9]","none"
"Rep. Richard Hudson [R-NC8]","none"
"Rep. Renee Ellmers [R-NC2]","none"
"Rep. Patrick McHenry [R-NC10]","none"
"Rep. Virginia Foxx [R-NC5]","none"
"Rep. George ""G.K."" Butterfield [D-NC1]","G.K."
"Rep. Melvin ""Mel"" Watt [D-NC12]","Mel"
"Rep. David Price [D-NC4]","none"
"Rep. Mike McIntyre [D-NC7]","none"
"Rep. Walter Jones [R-NC3]","none"
"Rep. Howard Coble [R-NC6]","none"
"Sen. John Hoeven [R-ND]","none"
"Rep. Kevin Cramer [R-ND0]","none"
"Sen. Heidi Heitkamp [D-ND]","none"
"Sen. Mike Johanns [R-NE]","none"
"Sen. Deb Fischer [R-NE]","none"
"Rep. Adrian Smith [R-NE3]","none"
"Rep. Jeff Fortenberry [R-NE1]","none"
"Rep. Lee Terry [R-NE2]","none"
"Sen. Jeanne Shaheen [D-NH]","none"
"Sen. Kelly Ayotte [R-NH]","none"
"Rep. Ann Kuster [D-NH2]","none"
"Rep. Carol Shea-Porter [D-NH1]","none"
"Rep. Donald Payne [D-NJ10]","none"
"Rep. Jon Runyan [R-NJ3]","none"
"Rep. Leonard Lance [R-NJ7]","none"
"Rep. Albio Sires [D-NJ8]","none"
"Rep. Christopher ""Chris"" Smith [R-NJ4]","Chris"
"Rep. Bill Pascrell [D-NJ9]","none"
"Rep. Frank Pallone [D-NJ6]","none"
"Sen. Robert ""Bob"" Menendez [D-NJ]","Bob"
"Rep. Frank LoBiondo [R-NJ2]","none"
"Rep. Rush Holt [D-NJ12]","none"
"Rep. Scott Garrett [R-NJ5]","none"
"Rep. Rodney Frelinghuysen [R-NJ11]","none"
"Rep. Robert ""Rob"" Andrews [D-NJ1]","Rob"
"Sen. Cory Booker [D-NJ]","none"
"Sen. Tom Udall [D-NM]","none"
"Rep. Michelle Lujan Grisham [D-NM1]","none"
"Rep. Ben Lujan [D-NM3]","none"
"Sen. Martin Heinrich [D-NM]","none"
"Rep. Stevan ""Steve"" Pearce [R-NM2]","Steve"
"Sen. Harry Reid [D-NV]","none"
"Rep. Steven Horsford [D-NV4]","none"
"Rep. Mark Amodei [R-NV2]","none"
"Rep. Joseph Heck [R-NV3]","none"
"Rep. Dina Titus [D-NV1]","none"
"Sen. Dean Heller [R-NV]","none"
"Sen. Charles Schumer [D-NY]","none"
"Rep. Chris Collins [R-NY27]","none"
"Rep. Sean Maloney [D-NY18]","none"
"Rep. Hakeem Jeffries [D-NY8]","none"
"Rep. Grace Meng [D-NY6]","none"
"Rep. Richard Hanna [R-NY22]","none"
"Rep. Christopher Gibson [R-NY19]","none"
"Rep. Michael Grimm [R-NY11]","none"
"Rep. Tom Reed [R-NY23]","none"
"Rep. William Owens [D-NY21]","none"
"Rep. Paul Tonko [D-NY20]","none"
"Rep. Daniel Maffei [D-NY24]","none"
"Sen. Kirsten Gillibrand [D-NY]","none"
"Rep. Yvette Clarke [D-NY9]","none"
"Rep. Brian Higgins [D-NY26]","none"
"Rep. Nydia Velazquez [D-NY7]","none"
"Rep. Louise Slaughter [D-NY25]","none"
"Rep. Jose Serrano [D-NY15]","none"
"Rep. Charles Rangel [D-NY13]","none"
"Rep. Jerrold Nadler [D-NY10]","none"
"Rep. Gregory Meeks [D-NY5]","none"
"Rep. Carolyn McCarthy [D-NY4]","none"
"Rep. Carolyn Maloney [D-NY12]","none"
"Rep. Nita Lowey [D-NY17]","none"
"Rep. Peter ""Pete"" King [R-NY2]","Pete"
"Rep. Steve Israel [D-NY3]","none"
"Rep. Eliot Engel [D-NY16]","none"
"Rep. Joseph Crowley [D-NY14]","none"
"Rep. Timothy Bishop [D-NY1]","none"
"Sen. Robert ""Rob"" Portman [R-OH]","Rob"
"Rep. David Joyce [R-OH14]","none"
"Rep. Joyce Beatty [D-OH3]","none"
"Rep. Brad Wenstrup [R-OH2]","none"
"Rep. Bob Gibbs [R-OH7]","none"
"Rep. James Renacci [R-OH16]","none"
"Rep. Steve Stivers [R-OH15]","none"
"Rep. Bill Johnson [R-OH6]","none"
"Rep. Marcia Fudge [D-OH11]","none"
"Rep. Robert Latta [R-OH5]","none"
"Rep. Jim Jordan [R-OH4]","none"
"Rep. Michael Turner [R-OH10]","none"
"Rep. Patrick ""Pat"" Tiberi [R-OH12]","Pat"
"Rep. Tim Ryan [D-OH13]","none"
"Rep. Marcy Kaptur [D-OH9]","none"
"Rep. Steve Chabot [R-OH1]","none"
"Sen. Sherrod Brown [D-OH]","none"
"Rep. John Boehner [R-OH8]","none"
"Sen. James ""Jim"" Inhofe [R-OK]","Jim"
"Sen. Thomas Coburn [R-OK]","none"
"Rep. Markwayne Mullin [R-OK2]","none"
"Rep. Jim Bridenstine [R-OK1]","none"
"Rep. James Lankford [R-OK5]","none"
"Rep. Frank Lucas [R-OK3]","none"
"Rep. Tom Cole [R-OK4]","none"
"Sen. Ron Wyden [D-OR]","none"
"Sen. Jeff Merkley [D-OR]","none"
"Rep. Suzanne Bonamici [D-OR1]","none"
"Rep. Kurt Schrader [D-OR5]","none"
"Rep. Greg Walden [R-OR2]","none"
"Rep. Peter DeFazio [D-OR4]","none"
"Rep. Earl Blumenauer [D-OR3]","none"
"Sen. Patrick ""Pat"" Toomey [R-PA]","Pat"
"Rep. Matthew Cartwright [D-PA17]","none"
"Rep. Keith Rothfus [R-PA12]","none"
"Rep. Scott Perry [R-PA4]","none"
"Rep. Lou Barletta [R-PA11]","none"
"Rep. Tom Marino [R-PA10]","none"
"Rep. Patrick Meehan [R-PA7]","none"
"Rep. Mike Kelly [R-PA3]","none"
"Rep. Glenn Thompson [R-PA5]","none"
"Sen. Robert ""Bob"" Casey [D-PA]","Bob"
"Rep. Bill Shuster [R-PA9]","none"
"Rep. Charles Dent [R-PA15]","none"
"Rep. Allyson Schwartz [D-PA13]","none"
"Rep. Michael Fitzpatrick [R-PA8]","none"
"Rep. Joseph Pitts [R-PA16]","none"
"Rep. Tim Murphy [R-PA18]","none"
"Rep. Jim Gerlach [R-PA6]","none"
"Rep. Chaka Fattah [D-PA2]","none"
"Rep. Michael ""Mike"" Doyle [D-PA14]","Mike"
"Rep. Robert Brady [D-PA1]","none"
"Commish. Pedro Pierluisi [D-PR0]","none"
"Sen. John ""Jack"" Reed [D-RI]","Jack"
"Rep. David Cicilline [D-RI1]","none"
"Sen. Sheldon Whitehouse [D-RI]","none"
"Rep. James ""Jim"" Langevin [D-RI2]","Jim"
"Sen. Lindsey Graham [R-SC]","none"
"Rep. Tom Rice [R-SC7]","none"
"Rep. Mick Mulvaney [R-SC5]","none"
"Rep. Trey Gowdy [R-SC4]","none"
"Rep. Jeff Duncan [R-SC3]","none"
"Sen. Tim Scott [R-SC]","none"
"Rep. Joe Wilson [R-SC2]","none"
"Rep. James ""Jim"" Clyburn [D-SC6]","Jim"
"Rep. Marshall ""Mark"" Sanford [R-SC1]","Mark"
"Sen. Tim Johnson [D-SD]","none"
"Sen. John Thune [R-SD]","none"
"Rep. Kristi Noem [R-SD0]","none"
"Sen. Lamar Alexander [R-TN]","none"
"Rep. John ""Jimmy"" Duncan [R-TN2]","Jimmy"
"Rep. Stephen Fincher [R-TN8]","none"
"Rep. Diane Black [R-TN6]","none"
"Rep. Scott DesJarlais [R-TN4]","none"
"Rep. Charles ""Chuck"" Fleischmann [R-TN3]","Chuck"
"Rep. David ""Phil"" Roe [R-TN1]","Phil"
"Sen. Bob Corker [R-TN]","none"
"Rep. Steve Cohen [D-TN9]","none"
"Rep. Jim Cooper [D-TN5]","none"
"Rep. Marsha Blackburn [R-TN7]","none"
"Sen. John Cornyn [R-TX]","none"
"Rep. Filemon Vela [D-TX34]","none"
"Rep. Marc Veasey [D-TX33]","none"
"Rep. Roger Williams [R-TX25]","none"
"Rep. Pete Gallego [D-TX23]","none"
"Rep. Joaquin Castro [D-TX20]","none"
"Rep. Beto O'Rourke [D-TX16]","none"
"Rep. Randy Weber [R-TX14]","none"
"Sen. Ted Cruz [R-TX]","none"
"Rep. Blake Farenthold [R-TX27]","none"
"Rep. Bill Flores [R-TX17]","none"
"Rep. Pete Olson [R-TX22]","none"
"Rep. Steve Stockman [R-TX36]","none"
"Rep. Henry Cuellar [D-TX28]","none"
"Rep. Kenny Marchant [R-TX24]","none"
"Rep. Michael Conaway [R-TX11]","none"
"Rep. Michael McCaul [R-TX10]","none"
"Rep. Al Green [D-TX9]","none"
"Rep. Ted Poe [R-TX2]","none"
"Rep. Louie Gohmert [R-TX1]","none"
"Rep. Randy Neugebauer [R-TX19]","none"
"Rep. Mac Thornberry [R-TX13]","none"
"Rep. Lamar Smith [R-TX21]","none"
"Rep. Pete Sessions [R-TX32]","none"
"Rep. Sheila Jackson Lee [D-TX18]","none"
"Rep. Eddie Johnson [D-TX30]","none"
"Rep. Sam Johnson [R-TX3]","none"
"Rep. Ruben Hinojosa [D-TX15]","none"
"Rep. Jeb Hensarling [R-TX5]","none"
"Rep. Ralph Hall [R-TX4]","none"
"Rep. Gene Green [D-TX29]","none"
"Rep. Kay Granger [R-TX12]","none"
"Rep. Lloyd Doggett [D-TX35]","none"
"Rep. John Culberson [R-TX7]","none"
"Rep. John Carter [R-TX31]","none"
"Rep. Michael Burgess [R-TX26]","none"
"Rep. Kevin Brady [R-TX8]","none"
"Rep. Joe Barton [R-TX6]","none"
"Sen. Mike Lee [R-UT]","none"
"Rep. Chris Stewart [R-UT2]","none"
"Rep. Jason Chaffetz [R-UT3]","none"
"Sen. Orrin Hatch [R-UT]","none"
"Rep. Jim Matheson [D-UT4]","none"
"Rep. Rob Bishop [R-UT1]","none"
"Sen. Mark Warner [D-VA]","none"
"Sen. Timothy Kaine [D-VA]","none"
"Rep. Morgan Griffith [R-VA9]","none"
"Rep. Robert Hurt [R-VA5]","none"
"Rep. Scott Rigell [R-VA2]","none"
"Rep. Gerald Connolly [D-VA11]","none"
"Rep. Robert Wittman [R-VA1]","none"
"Rep. Frank Wolf [R-VA10]","none"
"Rep. Robert ""Bobby"" Scott [D-VA3]","Bobby"
"Rep. James ""Jim"" Moran [D-VA8]","Jim"
"Rep. Bob Goodlatte [R-VA6]","none"
"Rep. Randy Forbes [R-VA4]","none"
"Rep. Eric Cantor [R-VA7]","none"
"Del. Donna Christensen [D-VI0]","none"
"Sen. Patrick Leahy [D-VT]","none"
"Rep. Peter Welch [D-VT0]","none"
"Sen. Bernard ""Bernie"" Sanders [I-VT]","Bernie"
"Sen. Patty Murray [D-WA]","none"
"Rep. Denny Heck [D-WA10]","none"
"Rep. Derek Kilmer [D-WA6]","none"
"Rep. Suzan DelBene [D-WA1]","none"
"Rep. Jaime Herrera Beutler [R-WA3]","none"
"Rep. David Reichert [R-WA8]","none"
"Rep. Cathy McMorris Rodgers [R-WA5]","none"
"Sen. Maria Cantwell [D-WA]","none"
"Rep. Adam Smith [D-WA9]","none"
"Rep. Jim McDermott [D-WA7]","none"
"Rep. Rick Larsen [D-WA2]","none"
"Rep. Doc Hastings [R-WA4]","none"
"Sen. Ron Johnson [R-WI]","none"
"Rep. Mark Pocan [D-WI2]","none"
"Rep. Reid Ribble [R-WI8]","none"
"Rep. Sean Duffy [R-WI7]","none"
"Rep. Gwen Moore [D-WI4]","none"
"Rep. James Sensenbrenner [R-WI5]","none"
"Rep. Paul Ryan [R-WI1]","none"
"Rep. Thomas ""Tom"" Petri [R-WI6]","Tom"
"Rep. Ron Kind [D-WI3]","none"
"Sen. Tammy Baldwin [D-WI]","none"
"Sen. John ""Jay"" Rockefeller [D-WV]","Jay"
"Rep. David McKinley [R-WV1]","none"
"Sen. Joe Manchin [D-WV]","none"
"Rep. Nick Rahall [D-WV3]","none"
"Rep. Shelley Capito [R-WV2]","none"
"Sen. Michael Enzi [R-WY]","none"
"Rep. Cynthia Lummis [R-WY0]","none"
"Sen. John Barrasso [R-WY]","none"
