"1860$41 3/8 x 37 1/2 x 3 inches%Lisa Murkowski#910.642.8011@1988-05-05!www.cascademedicalcenter.org","1860,none,41 3/8,37 1/2,3,Lisa,Murkowski,(910) 642-8011,1988-05-05,org"
"1844$36 1/2 x 20 3/4 x 20 7/8 inches%Mark Begich#706.321.6712@1974-06-01!www.cascadevalley.org","1844,none,36 1/2,20 3/4,20 7/8,Mark,Begich,(706) 321-6712,1974-06-01,org"
"1858 - 1937$94 5/8 x 40 x 21 3/8 inches%Don Young#530.458.5821@1923-03-03!www.casshealth.org","1858,1937,94 5/8,40,21 3/8,Don,Young,(530) 458-5821,1923-03-03,org"
"1824 - 1906$34 1/2 x 20 x 20 1/2 inches%Jefferson Sessions#414.961.3300@1948-01-13!www.cassiaregional.org","1824,1906,34 1/2,20,20 1/2,Jefferson,Sessions,(414) 961-3300,1948-01-13,org"
"1844 - 1916$94 3/8 x 46 1/2 x 30 5/8 inches%Richard Shelby#414.291.1000@1946-07-15!www.cassregional.org","1844,1916,94 3/8,46 1/2,30 5/8,Richard,Shelby,(414) 291-1000,1946-07-15,org"
"1871 - 1951$34 1/2 x 39 1/4 x 22 inches%Terri Sewell#262.243.7300@1968-03-11!www.castlemed.org","1871,1951,34 1/2,39 1/4,22,Terri,Sewell,(262) 243-7300,1968-03-11,org"
"1784 - 1861$6 15/16 x 5 1/16 x 8 inches%Mo Brooks#402.564.7118@(1983-11-10)!www.castleviewhospital.net","1784,1861,6 15/16,5 1/16,8,Mo,Brooks,(402) 564-7118,1983-11-10,net"
"1844 - 1916$37 5/8 x 23 1/2 x 20 3/4 inches%Martha Roby#979.732.2371@(1962-06-17)!www.caswellcenter.org","1844,1916,37 5/8,23 1/2,20 3/4,Martha,Roby,(979) 732-2371,1962-06-17,org"
"1844 - 1916$41 3/8 x 37 1/2 x 19 1/2 inches%Mike Rogers#920.623.2200@(1956-03-05)!www.catalinaislandmedicalcenter.org","1844,1916,41 3/8,37 1/2,19 1/2,Mike,Rogers,(920) 623-2200,1956-03-05,org"
"1779 - 1843. After Titian (Tiziano Vecellio)$36 1/2 x 20 3/4 x 20 7/8 inches%Spencer Bachus#910.642.8011@(1983-04-15)!www.catawba.dmhmrsas.virginia.gov","1779,1843,36 1/2,20 3/4,20 7/8,Spencer,Bachus,(910) 642-8011,1983-04-15,gov"
"1836 - 1910$94 5/8 x 40 x 21 3/8 inches%Robert Aderholt#706.321.6712@(1980-01-28)!www.catawbavalleymc.org","1836,1910,94 5/8,40,21 3/8,Robert,Aderholt,(706) 321-6712,1980-01-28,org"
"1743 - 1812$34 1/2 x 20 x 20 1/2 inches%John Boozman#530.458.5821@(1953-02-26)!www.crmcny.org","1743,1812,34 1/2,20,20 1/2,John,Boozman,(530) 458-5821,1953-02-26,org"
"1844 - 1916$94 3/8 x 46 1/2 x 30 5/8 inches%Mark Pryor#414.961.3300@(1940-03-19)!www.crmcny.org","1844,1916,94 3/8,46 1/2,30 5/8,Mark,Pryor,(414) 961-3300,1940-03-19,org"
"1836 - 1910$34 1/2 x 39 1/4 x 22 inches%Tom Cotton#414.291.1000@(1944-09-12)!www.cavaliercountyhospital.com","1836,1910,34 1/2,39 1/4,22,Tom,Cotton,(414) 291-1000,1944-09-12,com"
"1823$6 15/16 x 5 1/16 x 8 inches%Steve Womack#262.243.7300@(1958-08-29)!www.cavernahospital.com","1823,none,6 15/16,5 1/16,8,Steve,Womack,(262) 243-7300,1958-08-29,com"
"1888$37 5/8 x 23 1/2 x 20 3/4 inches%Tim Griffin#402.564.7118@(1963-07-04)!www.cayugamed.org","1888,none,37 5/8,23 1/2,20 3/4,Tim,Griffin,(402) 564-7118,1963-07-04,org"
"1844 - 1916$41 3/8 x 37 1/2 x 19 1/2 inches%Eric Crawford#979.732.2371@(1983-07-02)!www.cedarcountyhospital.org","1844,1916,41 3/8,37 1/2,19 1/2,Eric,Crawford,(979) 732-2371,1983-07-02,org"
"1905 - 1998. Made by Libbey Glass Company$36 1/2 x 20 3/4 x 20 7/8 inches%Eni Faleomavaega#920.623.2200@(1926-05-26)!www.cedarcresthospital.com","1905,1998,36 1/2,20 3/4,20 7/8,Eni,Faleomavaega,(920) 623-2200,1926-05-26,com"
"1860 - 1932$94 5/8 x 40 x 21 3/8 inches%John McCain#910.642.8011@(1983-11-10)!www.cedarparkregional.com","1860,1932,94 5/8,40,21 3/8,John,McCain,(910) 642-8011,1983-11-10,com"
"1858 - 1937$34 1/2 x 20 x 20 1/2 inches%Kyrsten Sinema#910.642.8011@(1985-11-03)!www.cedarridgebhs.com","1858,1937,34 1/2,20,20 1/2,Kyrsten,Sinema,(910) 642-8011,1985-11-03,com"
"1824 - 1906$94 3/8 x 46 1/2 x 30 5/8 inches%Ron Barber#706.321.6712@(1975-02-04)!www.cedarspringshospital.com","1824,1906,94 3/8,46 1/2,30 5/8,Ron,Barber,(706) 321-6712,1975-02-04,com"
"1871 - 1951$34 1/2 x 39 1/4 x 22 inches%David Schweikert#530.458.5821@(1978-12-02)!www.centegra.org","1871,1951,34 1/2,39 1/4,22,David,Schweikert,(530) 458-5821,1978-12-02,org"
"1784$6 15/16 x 5 1/16 x 8 inches%Paul Gosar#414.961.3300@(1948-06-19)!www.centegra.org","1784,none,6 15/16,5 1/16,8,Paul,Gosar,(414) 961-3300,1948-06-19,org"
"1844$37 5/8 x 23 1/2 x 20 3/4 inches%Ann Kirkpatrick#414.291.1000@(1980-01-28)!www.centennialhillshospital.com","1844,none,37 5/8,23 1/2,20 3/4,Ann,Kirkpatrick,(414) 291-1000,1980-01-28,com"
"1779 - 1843$41 3/8 x 37 1/2 x 19 1/2 inches%Matt Salmon#262.243.7300@(1945-07-26)!www.centennialmedcenter.com","1779,1843,41 3/8,37 1/2,19 1/2,Matt,Salmon,(262) 243-7300,1945-07-26,com"
"1743 - 1812$36 1/2 x 20 3/4 x 20 7/8 inches%Ed Pastor#402.564.7118@(1984-05-14)!www.centennialpeaks.com","1743,1812,36 1/2,20 3/4,20 7/8,Ed,Pastor,(402) 564-7118,1984-05-14,com"
"1743 - 1812$94 5/8 x 40 x 21 3/8 inches%Raul Grijalva#979.732.2371@(1982-12-08)!www.dmhonline.dmh.state.mo.us","1743,1812,94 5/8,40,21 3/8,Raul,Grijalva,(979) 732-2371,1982-12-08,us"
"1743 - 1812$34 1/2 x 20 x 20 1/2 inches%Trent Franks#920.623.2200@(1941-09-09)!www.centerforspinalsurgery.com","1743,1812,34 1/2,20,20 1/2,Trent,Franks,(920) 623-2200,1941-09-09,com"
"1823-1880$94 3/8 x 46 1/2 x 30 5/8 inches%Jeff Flake#910.642.8011@(1948-10-13)!www.centerpointehospital.com","1823,1880,94 3/8,46 1/2,30 5/8,Jeff,Flake,(910) 642-8011,1948-10-13,com"
"1743 - 1812$34 1/2 x 39 1/4 x 22 inches%Barbara Boxer#706.321.6712@(1944-05-24)!www.centerpointmedical.com","1743,1812,34 1/2,39 1/4,22,Barbara,Boxer,(706) 321-6712,1944-05-24,com"
"1888 - 1946$6 15/16 x 5 1/16 x 8 inches%Scott Peters#530.458.5821@(1960-05-10)!www.centracare.com","1888,1946,6 15/16,5 1/16,8,Scott,Peters,(530) 458-5821,1960-05-10,com"
"1888 - 1946$37 5/8 x 23 1/2 x 20 3/4 inches%Juan Vargas#706.321.6712@(1951-01-30)!www.centracare.com","1888,1946,37 5/8,23 1/2,20 3/4,Juan,Vargas,(706) 321-6712,1951-01-30,com"
"1836 - 1910$41 3/8 x 37 1/2 x 19 1/2 inches%Alan Lowenthal#530.458.5821@(1990-09-20)!www.stmichaelshospital.org","1836,1910,41 3/8,37 1/2,19 1/2,Alan,Lowenthal,(530) 458-5821,1990-09-20,org"
"1836 - 1910$36 1/2 x 20 3/4 x 20 7/8 inches%Mark Takano#530.458.5821@(1941-04-09)!www.centralalabama.va.gov","1836,1910,36 1/2,20 3/4,20 7/8,Mark,Takano,(530) 458-5821,1941-04-09,gov"
"1836 - 1910$94 5/8 x 40 x 21 3/8 inches%Raul Ruiz#414.961.3300@(1947-03-25)!www.va.gov","1836,1910,94 5/8,40,21 3/8,Raul,Ruiz,(414) 961-3300,1947-03-25,gov"
"1836$34 1/2 x 20 x 20 1/2 inches%Gloria Negrete McLeod#414.291.1000@(1949-11-08)!www.centralcarolinahosp.com","1836,none,34 1/2,20,20 1/2,Gloria,Negrete McLeod,(414) 291-1000,1949-11-08,com"
"1836 - 1910. Published by Harper's Weekly.$94 3/8 x 46 1/2 x 30 5/8 inches%Tony Cardenas#262.243.7300@(1924-04-12)!www.centralcommunityhospital.com","1836,1910,94 3/8,46 1/2,30 5/8,Tony,Cardenas,(262) 243-7300,1924-04-12,com"
"1905 - 1998. Made by Libbey Glass Company$34 1/2 x 39 1/4 x 22 inches%Julia Brownley#402.564.7118@(1990-11-26)!www.centralfloridaregional.com","1905,1998,34 1/2,39 1/4,22,Julia,Brownley,(402) 564-7118,1990-11-26,com"
"1836 - 1910$6 15/16 x 5 1/16 x 8 inches%David Valadao#979.732.2371@(1974-02-05)!www.centralgarehab.com","1836,1910,6 15/16,5 1/16,8,David,Valadao,(979) 732-2371,1974-02-05,com"
"1836 - 1910$37 5/8 x 23 1/2 x 20 3/4 inches%Eric Swalwell#920.623.2200@(1951-10-05)!www.dhh.la.gov","1836,1910,37 5/8,23 1/2,20 3/4,Eric,Swalwell,(920) 623-2200,1951-10-05,gov"
"1836 - 1910$41 3/8 x 37 1/2 x 19 1/2 inches%Paul Cook#910.642.8011@(1974-02-13)!www.cmch.org","1836,1910,41 3/8,37 1/2,19 1/2,Paul,Cook,(910) 642-8011,1974-02-13,org"
"1836 - 1910$36 1/2 x 20 3/4 x 20 7/8 inches%Ami Bera#706.321.6712@(1977-03-10)!www.centralmississippimedicalcenter.com","1836,1910,36 1/2,20 3/4,20 7/8,Ami,Bera,(706) 321-6712,1977-03-10,com"
"1836 - 1910$94 5/8 x 40 x 21 3/8 inches%Jared Huffman#530.458.5821@(1945-01-10)!www.cmmccares.com","1836,1910,94 5/8,40,21 3/8,Jared,Huffman,(530) 458-5821,1945-01-10,com"
"1835 - 1837$34 1/2 x 20 x 20 1/2 inches%Doug LaMalfa#706.321.6712@(1964-01-08)!www.omh.ny.gov","1835,1837,34 1/2,20,20 1/2,Doug,LaMalfa,(706) 321-6712,1964-01-08,gov"
"1835 - 1837$94 3/8 x 46 1/2 x 30 5/8 inches%Janice Hahn#530.458.5821@(1967-05-01)!www.cocmhc.org","1835,1837,94 3/8,46 1/2,30 5/8,Janice,Hahn,(530) 458-5821,1967-05-01,org"
"1835 - 1837$34 1/2 x 39 1/4 x 22 inches%Karen Bass#910.642.8011@(1979-12-07)!www.cpgh.org","1835,1837,34 1/2,39 1/4,22,Karen,Bass,(910) 642-8011,1979-12-07,org"
"1835 - 1837$6 15/16 x 5 1/16 x 8 inches%Jeff Denham#706.321.6712@(1972-10-28)!www.doc.state.nc.us","1835,1837,6 15/16,5 1/16,8,Jeff,Denham,(706) 321-6712,1972-10-28,us"
"1835 - 1837$37 5/8 x 23 1/2 x 20 3/4 inches%John Garamendi#530.458.5821@(1992-07-22)!www.csh.dmhmrsas.virginia.gov","1835,1837,37 5/8,23 1/2,20 3/4,John,Garamendi,(530) 458-5821,1992-07-22,gov"
"1835 - 1837$41 3/8 x 37 1/2 x 19 1/2 inches%Judy Chu#414.961.3300@(1971-04-16)!www.centralstatehospital.org","1835,1837,41 3/8,37 1/2,19 1/2,Judy,Chu,(414) 961-3300,1971-04-16,org"
"1835 - 1837$36 1/2 x 20 3/4 x 20 7/8 inches%Tom McClintock#414.291.1000@(1977-02-03)!www.centexhospital.com","1835,1837,36 1/2,20 3/4,20 7/8,Tom,McClintock,(414) 291-1000,1977-02-03,com"
"1835 - 1837$94 5/8 x 40 x 21 3/8 inches%Duncan Hunter#262.243.7300@(1966-12-08)!www.ctmc.org","1835,1837,94 5/8,40,21 3/8,Duncan,Hunter,(262) 243-7300,1966-12-08,org"
"1835$34 1/2 x 20 x 20 1/2 inches%Jackie Speier#402.564.7118@(1986-03-28)!www.khrehabcentraltexas.com","1835,none,34 1/2,20,20 1/2,Jackie,Speier,(402) 564-7118,1986-03-28,com"
"1836$94 3/8 x 46 1/2 x 30 5/8 inches%Kevin McCarthy#979.732.2371@(1948-05-26)!www.central-texas.med.va.gov","1836,none,94 3/8,46 1/2,30 5/8,Kevin,McCarthy,(979) 732-2371,1948-05-26,gov"
"1835 - 1837$34 1/2 x 39 1/4 x 22 inches%Jerry McNerney#920.623.2200@(1948-07-21)!www.hanfordhealth.com","1835,1837,34 1/2,39 1/4,22,Jerry,McNerney,(920) 623-2200,1948-07-21,com"
"1836 - 1880$6 15/16 x 5 1/16 x 8 inches%John Campbell#910.642.8011@(1950-05-13)!www.cvmed.net","1836,1880,6 15/16,5 1/16,8,John,Campbell,(910) 642-8011,1950-05-13,net"
"1917 - 2008$37 5/8 x 23 1/2 x 20 3/4 inches%Doris Matsui#706.321.6712@(1989-12-13)!www.cvmc.org","1917,2008,37 5/8,23 1/2,20 3/4,Doris,Matsui,(706) 321-6712,1989-12-13,org"
"1917 - 2008$41 3/8 x 37 1/2 x 19 1/2 inches%Jim Costa#530.458.5821@(1985-07-17)!www.cvtc.dmhmrsas.virginia.gov","1917,2008,41 3/8,37 1/2,19 1/2,Jim,Costa,(530) 458-5821,1985-07-17,gov"
"1917 - 2008$36 1/2 x 20 3/4 x 20 7/8 inches%Dianne Feinstein#414.291.1000@(1967-09-29)!www.cwhs.com","1917,2008,36 1/2,20 3/4,20 7/8,Dianne,Feinstein,(414) 291-1000,1967-09-29,com"
"1917 - 2008$94 5/8 x 40 x 21 3/8 inches%Henry Waxman#262.243.7300@(1947-02-14)!www.centrastate.com","1917,2008,94 5/8,40,21 3/8,Henry,Waxman,(262) 243-7300,1947-02-14,com"
"1917 - 2008$34 1/2 x 20 x 20 1/2 inches%Maxine Waters#(402) 564-7118@(1953-10-15)!www.cghmc.com","1917,2008,34 1/2,20,20 1/2,Maxine,Waters,(402) 564-7118,1953-10-15,com"
"1917 - 2008$94 3/8 x 46 1/2 x 30 5/8 inches%Mike Thompson#(979) 732-2371@(1984-11-28)!www.chadronhospital.com","1917,2008,94 3/8,46 1/2,30 5/8,Mike,Thompson,(979) 732-2371,1984-11-28,com"
"1917 - 2008$34 1/2 x 39 1/4 x 22 inches%Brad Sherman#(920) 623-2200@(1978-12-30)!www.summithealth.org","1917,2008,34 1/2,39 1/4,22,Brad,Sherman,(920) 623-2200,1978-12-30,org"
"1917 - 2008$6 15/16 x 5 1/16 x 8 inches%Adam Schiff#(910) 642-8011@(1980-08-16)!www.chambershealth.org","1917,2008,6 15/16,5 1/16,8,Adam,Schiff,(910) 642-8011,1980-08-16,org"
"1917 - 2008$37 5/8 x 23 1/2 x 4 inches%Loretta Sanchez#(706) 321-6712@(1991-01-12)!www.chambershospital.com","1917,2008,37 5/8,23 1/2,4,Loretta,Sanchez,(706) 321-6712,1991-01-12,com"
"1917 - 2008$2 x 11 x 13 inches%Linda Sanchez#(530) 458-5821@(1933-04-29)!www.chapmanmedicalcenter.com","1917,2008,2,11,13,Linda,Sanchez,(530) 458-5821,1933-04-29,com"
"1917 - 2008$2 x 11 x 13 inches%Edward Royce#(503) 325-4321@(1953-03-23)!www.apprhs.org","1917,2008,2,11,13,Edward,Royce,(503) 325-4321,1953-03-23,org"
"1927 - 2008$120 x 59 x 64 inches%Lucille Roybal-Allard#(518) 828-7601@(1981-12-02)!www.cadean.org","1927,2008,120,59,64,Lucille,Roybal-Allard,(518) 828-7601,1981-12-02,org"
"1917$41 3/8 x 37 1/2 x 19 1/2 inches%Dana Rohrabacher#(573) 875-9000@(1945-06-25)!www.charlescolehospital.com","1917,none,41 3/8,37 1/2,19 1/2,Dana,Rohrabacher,(573) 875-9000,1945-06-25,com"
"1917 - 2008$36 1/2 x 20 3/4 x 20 7/8 inches%Nancy Pelosi#(414) 961-3300@(1942-02-09)!www.asheville.va.gov","1917,2008,36 1/2,20 3/4,20 7/8,Nancy,Pelosi,(414) 961-3300,1942-02-09,gov"
"1917 - 2008$94 5/8 x 40 x 21 3/8 inches%Devin Nunes#(414) 291-1000@(1983-03-10)!www.cah.org","1917,2008,94 5/8,40,21 3/8,Devin,Nunes,(414) 291-1000,1983-03-10,org"
"1917 - 2008. Printed by Tamarind Institute$34 1/2 x 20 x 20 1/2 inches%Grace Napolitano#561.842.6141@(1946-04-13)!www.augusta.va.gov","1917,2008,34 1/2,20,20 1/2,Grace,Napolitano,(561) 842-6141,1946-04-13,gov"
"1917$94 3/8 x 46 1/2 x 30 5/8 inches%George Miller#503.325.4321@(1966-05-14)!www.charlottehungerford.org","1917,none,94 3/8,46 1/2,30 5/8,George,Miller,(503) 325-4321,1966-05-14,org"
"1917 - 2008$34 1/2 x 39 1/4 x 22 inches%Gary Miller#518.828.7601@(1980-12-18)!www.charlotteregional.com","1917,2008,34 1/2,39 1/4,22,Gary,Miller,(518) 828-7601,1980-12-18,com"
"1917 - 2008$6 15/16 x 5 1/16 x 3 inches%Howard McKeon#573.875.9000@(1951-09-07)!www.chasecountyhospital.com","1917,2008,6 15/16,5 1/16,3,Howard,McKeon,(573) 875-9000,1951-09-07,com"
"1917 - 2008$37 5/8 x 23 1/2 x 20 3/4 inches%Zoe Lofgren#414.961.3300@(1979-12-26)!www.chathamhospital.org","1917,2008,37 5/8,23 1/2,20 3/4,Zoe,Lofgren,(414) 961-3300,1979-12-26,org"
"1917 - 2008$118 x 118 x 41 inches%Barbara Lee#414.291.1000@(1945-05-07)!www.chatugeregionalhospital.org","1917,2008,118,118,41,Barbara,Lee,(414) 291-1000,1945-05-07,org"
"1917 - 2008$41 3/8 x 37 1/2 x 19 1/2 inches%Darrell Issa#262.243.7300@(1989-05-05)!www.cheboyganhospital.org","1917,2008,41 3/8,37 1/2,19 1/2,Darrell,Issa,(262) 243-7300,1989-05-05,org"
"1917 - 2000$36 1/2 x 20 3/4 x 20 7/8 inches%Michael Honda#402.564.7118@(1985-10-25)!www.cch.org","1917,2000,36 1/2,20 3/4,20 7/8,Michael,Honda,(402) 564-7118,1985-10-25,org"
"1917 - 2008$94 5/8 x 40 x 21 3/8 inches%Sam Farr#979.732.2371@(1997-01-11)!www.uhs.net/cmh","1917,2008,94 5/8,40,21 3/8,Sam,Farr,(979) 732-2371,1997-01-11,net"
"1917$34 1/2 x 20 x 10 inches%Anna Eshoo#920.623.2200@(1985-05-28)!www.cherokeemedicalcenter.com","1917,none,34 1/2,20,10,Anna,Eshoo,(920) 623-2200,1985-05-28,com"
"1917 - 2008$94 3/8 x 46 1/2 x 30 5/8 inches%Susan Davis#910.642.8011@(1941-08-14)!www.cherokeermc.org","1917,2008,94 3/8,46 1/2,30 5/8,Susan,Davis,(910) 642-8011,1941-08-14,org"
"1917 - 2008$34 1/2 x 39 1/4 x 22 inches%Lois Capps#706.321.6712@(1943-12-21)!www.cherryhospital.org","1917,2008,34 1/2,39 1/4,22,Lois,Capps,(706) 321-6712,1943-12-21,org"
"1890 - 1976. Printed by Richard Benson$6 15/16 x 5 1/16 x 8 inches%Ken Calvert#530.458.5821@(1979-02-26)!www.chesapeakeregional.com","1890,1976,6 15/16,5 1/16,8,Ken,Calvert,(530) 458-5821,1979-02-26,com"
"1890 - 1976. Printed by Richard Benson$37 5/8 x 23 1/2 x 20 3/4 inches%Xavier Becerra#414.961.3300@(1974-11-02)!www.cheshire-med.com","1890,1976,37 5/8,23 1/2,20 3/4,Xavier,Becerra,(414) 961-3300,1974-11-02,com"
"1890 - 1976. Printed by Richard Benson$118 x 118 x 41 inches%Mark Udall#1-414-291-1000@(1973-12-07)!www.chestateeregionalhospital.com","1890,1976,118,118,41,Mark,Udall,(414) 291-1000,1973-12-07,com"
"1890 - 1976. Printed by Richard Benson$41 3/8 x 37 1/2 x 19 1/2 inches%Michael Bennet#1-262-243-7300@(1952-09-09)!www.chesterfieldgeneral.com","1890,1976,41 3/8,37 1/2,19 1/2,Michael,Bennet,(262) 243-7300,1952-09-09,com"
"1890 - 1976$36 1/2 x 20 3/4 x 20 7/8 inches%Cory Gardner#1-402-564-7118@(1947-01-08)!www.chospital.org","1890,1976,36 1/2,20 3/4,20 7/8,Cory,Gardner,(402) 564-7118,1947-01-08,org"
"1890 - 1976$94 5/8 x 40 x 21 3/8 inches%Scott Tipton#1-979-732-2371@(1992-08-20)!www.chesterriverhealth.org","1890,1976,94 5/8,40,21 3/8,Scott,Tipton,(979) 732-2371,1992-08-20,org"
"1890 - 1976$34 1/2 x 20 x 9 inches%Jared Polis#1-920-623-2200@(1992-11-23)!www.chhealthsystem.com","1890,1976,34 1/2,20,9,Jared,Polis,(920) 623-2200,1992-11-23,com"
"1890$94 3/8 x 46 1/2 x 30 5/8 inches%Mike Coffman#920.623.2200@(1945-07-29)!www.cheyennecountyhospital.com","1890,none,94 3/8,46 1/2,30 5/8,Mike,Coffman,(920) 623-2200,1945-07-29,com"
"1890 - 1976$41 3/8 x 37 1/2 x 19 1/2 inches%Ed Perlmutter#910.642.8011@(1991-02-17)!www.cheyenne.va.gov","1890,1976,41 3/8,37 1/2,19 1/2,Ed,Perlmutter,(910) 642-8011,1991-02-17,gov"
"1890 - 1976$36 1/2 x 20 3/4 x 20 7/8 inches%Doug Lamborn#706.321.6712@(1968-12-18)!www.chickasaw.net","1890,1976,36 1/2,20 3/4,20 7/8,Doug,Lamborn,(706) 321-6712,1968-12-18,net"
"1917 - 2008$94 5/8 x 40 x 21 3/8 inches%Diana DeGette#530.458.5821@(1986-12-30)!www.chicotmemorial.com","1917,2008,94 5/8,40,21 3/8,Diana,DeGette,(530) 458-5821,1986-12-30,com"
"1890 - 1976$34 1/2 x 20 x 20 1/2 inches%Richard Blumenthal#414.961.3300@(1986-06-21)!www.cchs.org","1890,1976,34 1/2,20,20 1/2,Richard,Blumenthal,(414) 961-3300,1986-06-21,org"
"1917 - 2008$94 3/8 x 46 1/2 x 30 5/8 inches%Elizabeth Esty#414.291.1000@(1917-04-25)!www.chnola.org","1917,2008,94 3/8,46 1/2,30 5/8,Elizabeth,Esty,(414) 291-1000,1917-04-25,org"
"1890$34 1/2 x 39 1/4 x 22 inches%James Himes#262.243.7300@(1928-12-30)!www.childrenshospitaloakland.org","1890,none,34 1/2,39 1/4,22,James,Himes,(262) 243-7300,1928-12-30,org"
