"1860$41 3/8 x 37 1/2 x 3 inches%Lisa Murkowski","1860,none,41 3/8,37 1/2,3,Lisa,Murkowski"
"1844$36 1/2 x 20 3/4 x 20 7/8 inches%Mark Begich","1844,none,36 1/2,20 3/4,20 7/8,Mark,Begich"
"1858 - 1937$94 5/8 x 40 x 21 3/8 inches%Don Young","1858,1937,94 5/8,40,21 3/8,Don,Young"
"1824 - 1906$34 1/2 x 20 x 20 1/2 inches%Jefferson Sessions","1824,1906,34 1/2,20,20 1/2,Jefferson,Sessions"
"1844 - 1916$94 3/8 x 46 1/2 x 30 5/8 inches%Richard Shelby","1844,1916,94 3/8,46 1/2,30 5/8,Richard,Shelby"
"1871 - 1951$34 1/2 x 39 1/4 x 22 inches%Terri Sewell","1871,1951,34 1/2,39 1/4,22,Terri,Sewell"
"1784 - 1861$6 15/16 x 5 1/16 x 8 inches%Mo Brooks","1784,1861,6 15/16,5 1/16,8,Mo,Brooks"
"1844 - 1916$37 5/8 x 23 1/2 x 20 3/4 inches%Martha Roby","1844,1916,37 5/8,23 1/2,20 3/4,Martha,Roby"
"1844 - 1916$41 3/8 x 37 1/2 x 19 1/2 inches%Mike Rogers","1844,1916,41 3/8,37 1/2,19 1/2,Mike,Rogers"
"1779 - 1843. After Titian (Tiziano Vecellio)$36 1/2 x 20 3/4 x 20 7/8 inches%Spencer Bachus","1779,1843,36 1/2,20 3/4,20 7/8,Spencer,Bachus"
"1836 - 1910$94 5/8 x 40 x 21 3/8 inches%Robert Aderholt","1836,1910,94 5/8,40,21 3/8,Robert,Aderholt"
"1743 - 1812$34 1/2 x 20 x 20 1/2 inches%John Boozman","1743,1812,34 1/2,20,20 1/2,John,Boozman"
"1844 - 1916$94 3/8 x 46 1/2 x 30 5/8 inches%Mark Pryor","1844,1916,94 3/8,46 1/2,30 5/8,Mark,Pryor"
"1836 - 1910$34 1/2 x 39 1/4 x 22 inches%Tom Cotton","1836,1910,34 1/2,39 1/4,22,Tom,Cotton"
"1823$6 15/16 x 5 1/16 x 8 inches%Steve Womack","1823,none,6 15/16,5 1/16,8,Steve,Womack"
"1888$37 5/8 x 23 1/2 x 20 3/4 inches%Tim Griffin","1888,none,37 5/8,23 1/2,20 3/4,Tim,Griffin"
"1844 - 1916$41 3/8 x 37 1/2 x 19 1/2 inches%Eric Crawford","1844,1916,41 3/8,37 1/2,19 1/2,Eric,Crawford"
"1905 - 1998. Made by Libbey Glass Company$36 1/2 x 20 3/4 x 20 7/8 inches%Eni Faleomavaega","1905,1998,36 1/2,20 3/4,20 7/8,Eni,Faleomavaega"
"1860 - 1932$94 5/8 x 40 x 21 3/8 inches%John McCain","1860,1932,94 5/8,40,21 3/8,John,McCain"
"1858 - 1937$34 1/2 x 20 x 20 1/2 inches%Kyrsten Sinema","1858,1937,34 1/2,20,20 1/2,Kyrsten,Sinema"
"1824 - 1906$94 3/8 x 46 1/2 x 30 5/8 inches%Ron Barber","1824,1906,94 3/8,46 1/2,30 5/8,Ron,Barber"
"1871 - 1951$34 1/2 x 39 1/4 x 22 inches%David Schweikert","1871,1951,34 1/2,39 1/4,22,David,Schweikert"
"1784$6 15/16 x 5 1/16 x 8 inches%Paul Gosar","1784,none,6 15/16,5 1/16,8,Paul,Gosar"
"1844$37 5/8 x 23 1/2 x 20 3/4 inches%Ann Kirkpatrick","1844,none,37 5/8,23 1/2,20 3/4,Ann,Kirkpatrick"
"1779 - 1843$41 3/8 x 37 1/2 x 19 1/2 inches%Matt Salmon","1779,1843,41 3/8,37 1/2,19 1/2,Matt,Salmon"
"1743 - 1812$36 1/2 x 20 3/4 x 20 7/8 inches%Ed Pastor","1743,1812,36 1/2,20 3/4,20 7/8,Ed,Pastor"
"1743 - 1812$94 5/8 x 40 x 21 3/8 inches%Raul Grijalva","1743,1812,94 5/8,40,21 3/8,Raul,Grijalva"
"1743 - 1812$34 1/2 x 20 x 20 1/2 inches%Trent Franks","1743,1812,34 1/2,20,20 1/2,Trent,Franks"
"1823-1880$94 3/8 x 46 1/2 x 30 5/8 inches%Jeff Flake","1823,1880,94 3/8,46 1/2,30 5/8,Jeff,Flake"
"1743 - 1812$34 1/2 x 39 1/4 x 22 inches%Barbara Boxer","1743,1812,34 1/2,39 1/4,22,Barbara,Boxer"
"1888 - 1946$6 15/16 x 5 1/16 x 8 inches%Scott Peters","1888,1946,6 15/16,5 1/16,8,Scott,Peters"
"1888 - 1946$37 5/8 x 23 1/2 x 20 3/4 inches%Juan Vargas","1888,1946,37 5/8,23 1/2,20 3/4,Juan,Vargas"
"1836 - 1910$41 3/8 x 37 1/2 x 19 1/2 inches%Alan Lowenthal","1836,1910,41 3/8,37 1/2,19 1/2,Alan,Lowenthal"
"1836 - 1910$36 1/2 x 20 3/4 x 20 7/8 inches%Mark Takano","1836,1910,36 1/2,20 3/4,20 7/8,Mark,Takano"
"1836 - 1910$94 5/8 x 40 x 21 3/8 inches%Raul Ruiz","1836,1910,94 5/8,40,21 3/8,Raul,Ruiz"
"1836$34 1/2 x 20 x 20 1/2 inches%Gloria Negrete McLeod","1836,none,34 1/2,20,20 1/2,Gloria,Negrete McLeod"
"1836 - 1910. Published by Harper's Weekly.$94 3/8 x 46 1/2 x 30 5/8 inches%Tony Cardenas","1836,1910,94 3/8,46 1/2,30 5/8,Tony,Cardenas"
"1905 - 1998. Made by Libbey Glass Company$34 1/2 x 39 1/4 x 22 inches%Julia Brownley","1905,1998,34 1/2,39 1/4,22,Julia,Brownley"
"1836 - 1910$6 15/16 x 5 1/16 x 8 inches%David Valadao","1836,1910,6 15/16,5 1/16,8,David,Valadao"
"1836 - 1910$37 5/8 x 23 1/2 x 20 3/4 inches%Eric Swalwell","1836,1910,37 5/8,23 1/2,20 3/4,Eric,Swalwell"
"1836 - 1910$41 3/8 x 37 1/2 x 19 1/2 inches%Paul Cook","1836,1910,41 3/8,37 1/2,19 1/2,Paul,Cook"
"1836 - 1910$36 1/2 x 20 3/4 x 20 7/8 inches%Ami Bera","1836,1910,36 1/2,20 3/4,20 7/8,Ami,Bera"
"1836 - 1910$94 5/8 x 40 x 21 3/8 inches%Jared Huffman","1836,1910,94 5/8,40,21 3/8,Jared,Huffman"
"1835 - 1837$34 1/2 x 20 x 20 1/2 inches%Doug LaMalfa","1835,1837,34 1/2,20,20 1/2,Doug,LaMalfa"
"1835 - 1837$94 3/8 x 46 1/2 x 30 5/8 inches%Janice Hahn","1835,1837,94 3/8,46 1/2,30 5/8,Janice,Hahn"
"1835 - 1837$34 1/2 x 39 1/4 x 22 inches%Karen Bass","1835,1837,34 1/2,39 1/4,22,Karen,Bass"
"1835 - 1837$6 15/16 x 5 1/16 x 8 inches%Jeff Denham","1835,1837,6 15/16,5 1/16,8,Jeff,Denham"
"1835 - 1837$37 5/8 x 23 1/2 x 20 3/4 inches%John Garamendi","1835,1837,37 5/8,23 1/2,20 3/4,John,Garamendi"
"1835 - 1837$41 3/8 x 37 1/2 x 19 1/2 inches%Judy Chu","1835,1837,41 3/8,37 1/2,19 1/2,Judy,Chu"
"1835 - 1837$36 1/2 x 20 3/4 x 20 7/8 inches%Tom McClintock","1835,1837,36 1/2,20 3/4,20 7/8,Tom,McClintock"
"1835 - 1837$94 5/8 x 40 x 21 3/8 inches%Duncan Hunter","1835,1837,94 5/8,40,21 3/8,Duncan,Hunter"
"1835$34 1/2 x 20 x 20 1/2 inches%Jackie Speier","1835,none,34 1/2,20,20 1/2,Jackie,Speier"
"1836$94 3/8 x 46 1/2 x 30 5/8 inches%Kevin McCarthy","1836,none,94 3/8,46 1/2,30 5/8,Kevin,McCarthy"
"1835 - 1837$34 1/2 x 39 1/4 x 22 inches%Jerry McNerney","1835,1837,34 1/2,39 1/4,22,Jerry,McNerney"
"1836 - 1880$6 15/16 x 5 1/16 x 8 inches%John Campbell","1836,1880,6 15/16,5 1/16,8,John,Campbell"
"1917 - 2008$37 5/8 x 23 1/2 x 20 3/4 inches%Doris Matsui","1917,2008,37 5/8,23 1/2,20 3/4,Doris,Matsui"
"1917 - 2008$41 3/8 x 37 1/2 x 19 1/2 inches%Jim Costa","1917,2008,41 3/8,37 1/2,19 1/2,Jim,Costa"
"1917 - 2008$36 1/2 x 20 3/4 x 20 7/8 inches%Dianne Feinstein","1917,2008,36 1/2,20 3/4,20 7/8,Dianne,Feinstein"
"1917 - 2008$94 5/8 x 40 x 21 3/8 inches%Henry Waxman","1917,2008,94 5/8,40,21 3/8,Henry,Waxman"
"1917 - 2008$34 1/2 x 20 x 20 1/2 inches%Maxine Waters","1917,2008,34 1/2,20,20 1/2,Maxine,Waters"
"1917 - 2008$94 3/8 x 46 1/2 x 30 5/8 inches%Mike Thompson","1917,2008,94 3/8,46 1/2,30 5/8,Mike,Thompson"
"1917 - 2008$34 1/2 x 39 1/4 x 22 inches%Brad Sherman","1917,2008,34 1/2,39 1/4,22,Brad,Sherman"
"1917 - 2008$6 15/16 x 5 1/16 x 8 inches%Adam Schiff","1917,2008,6 15/16,5 1/16,8,Adam,Schiff"
"1917 - 2008$37 5/8 x 23 1/2 x 4 inches%Loretta Sanchez","1917,2008,37 5/8,23 1/2,4,Loretta,Sanchez"
"1917 - 2008$2 x 11 x 13 inches%Linda Sanchez","1917,2008,2,11,13,Linda,Sanchez"
"1917 - 2008$2 x 11 x 13 inches%Edward Royce","1917,2008,2,11,13,Edward,Royce"
"1927 - 2008$120 x 59 x 64 inches%Lucille Roybal-Allard","1927,2008,120,59,64,Lucille,Roybal-Allard"
"1917$41 3/8 x 37 1/2 x 19 1/2 inches%Dana Rohrabacher","1917,none,41 3/8,37 1/2,19 1/2,Dana,Rohrabacher"
"1917 - 2008$36 1/2 x 20 3/4 x 20 7/8 inches%Nancy Pelosi","1917,2008,36 1/2,20 3/4,20 7/8,Nancy,Pelosi"
"1917 - 2008$94 5/8 x 40 x 21 3/8 inches%Devin Nunes","1917,2008,94 5/8,40,21 3/8,Devin,Nunes"
"1917 - 2008. Printed by Tamarind Institute$34 1/2 x 20 x 20 1/2 inches%Grace Napolitano","1917,2008,34 1/2,20,20 1/2,Grace,Napolitano"
"1917$94 3/8 x 46 1/2 x 30 5/8 inches%George Miller","1917,none,94 3/8,46 1/2,30 5/8,George,Miller"
"1917 - 2008$34 1/2 x 39 1/4 x 22 inches%Gary Miller","1917,2008,34 1/2,39 1/4,22,Gary,Miller"
"1917 - 2008$6 15/16 x 5 1/16 x 3 inches%Howard McKeon","1917,2008,6 15/16,5 1/16,3,Howard,McKeon"
"1917 - 2008$37 5/8 x 23 1/2 x 20 3/4 inches%Zoe Lofgren","1917,2008,37 5/8,23 1/2,20 3/4,Zoe,Lofgren"
"1917 - 2008$118 x 118 x 41 inches%Barbara Lee","1917,2008,118,118,41,Barbara,Lee"
"1917 - 2008$41 3/8 x 37 1/2 x 19 1/2 inches%Darrell Issa","1917,2008,41 3/8,37 1/2,19 1/2,Darrell,Issa"
"1917 - 2000$36 1/2 x 20 3/4 x 20 7/8 inches%Michael Honda","1917,2000,36 1/2,20 3/4,20 7/8,Michael,Honda"
"1917 - 2008$94 5/8 x 40 x 21 3/8 inches%Sam Farr","1917,2008,94 5/8,40,21 3/8,Sam,Farr"
"1917$34 1/2 x 20 x 10 inches%Anna Eshoo","1917,none,34 1/2,20,10,Anna,Eshoo"
"1917 - 2008$94 3/8 x 46 1/2 x 30 5/8 inches%Susan Davis","1917,2008,94 3/8,46 1/2,30 5/8,Susan,Davis"
"1917 - 2008$34 1/2 x 39 1/4 x 22 inches%Lois Capps","1917,2008,34 1/2,39 1/4,22,Lois,Capps"
"1890 - 1976. Printed by Richard Benson$6 15/16 x 5 1/16 x 8 inches%Ken Calvert","1890,1976,6 15/16,5 1/16,8,Ken,Calvert"
"1890 - 1976. Printed by Richard Benson$37 5/8 x 23 1/2 x 20 3/4 inches%Xavier Becerra","1890,1976,37 5/8,23 1/2,20 3/4,Xavier,Becerra"
"1890 - 1976. Printed by Richard Benson$118 x 118 x 41 inches%Mark Udall","1890,1976,118,118,41,Mark,Udall"
"1890 - 1976. Printed by Richard Benson$41 3/8 x 37 1/2 x 19 1/2 inches%Michael Bennet","1890,1976,41 3/8,37 1/2,19 1/2,Michael,Bennet"
"1890 - 1976$36 1/2 x 20 3/4 x 20 7/8 inches%Cory Gardner","1890,1976,36 1/2,20 3/4,20 7/8,Cory,Gardner"
"1890 - 1976$94 5/8 x 40 x 21 3/8 inches%Scott Tipton","1890,1976,94 5/8,40,21 3/8,Scott,Tipton"
"1890 - 1976$34 1/2 x 20 x 9 inches%Jared Polis","1890,1976,34 1/2,20,9,Jared,Polis"
"1890$94 3/8 x 46 1/2 x 30 5/8 inches%Mike Coffman","1890,none,94 3/8,46 1/2,30 5/8,Mike,Coffman"
"1890 - 1976$41 3/8 x 37 1/2 x 19 1/2 inches%Ed Perlmutter","1890,1976,41 3/8,37 1/2,19 1/2,Ed,Perlmutter"
"1890 - 1976$36 1/2 x 20 3/4 x 20 7/8 inches%Doug Lamborn","1890,1976,36 1/2,20 3/4,20 7/8,Doug,Lamborn"
"1917 - 2008$94 5/8 x 40 x 21 3/8 inches%Diana DeGette","1917,2008,94 5/8,40,21 3/8,Diana,DeGette"
"1890 - 1976$34 1/2 x 20 x 20 1/2 inches%Richard Blumenthal","1890,1976,34 1/2,20,20 1/2,Richard,Blumenthal"
"1917 - 2008$94 3/8 x 46 1/2 x 30 5/8 inches%Elizabeth Esty","1917,2008,94 3/8,46 1/2,30 5/8,Elizabeth,Esty"
"1890$34 1/2 x 39 1/4 x 22 inches%James Himes","1890,none,34 1/2,39 1/4,22,James,Himes"
