"USA","USA"
"Portugal","Portugal"
"Australia","Australia"
"Germany","Germany"
"U.S.A.","USA"
"Germany","Germany"
"U.S.A.","USA"
"The Netherlands","The Netherlands"
"United States","USA"
"U.S.A.","USA"
"France","France"
"USA","USA"
"Italy","Italy"
"Canada","Canada"
"USA","USA"
"The Netherlands","The Netherlands"
"Austria","Austria"
"United States","USA"
"Austria","Austria"
"Italy","Italy"
"USA","USA"
"USA","USA"
"The Netherlands","The Netherlands"
"Germany","Germany"
"UK","UK"
"USA","USA"
"U.S.A.","USA"
"Australia","Australia"
"Finland","Finland"
"New Zealand","New Zealand"
"Portugal","Portugal"
"Australia","Australia"
"England","England"
"New Zealand","New Zealand"
"Germany","Germany"
"USA","USA"
"UK","UK"
"Germany","Germany"
"Ireland","Ireland"
"Canada","Canada"
"Germany","Germany"
"France","France"
"Portugal","Portugal"
"Portugal","Portugal"
"Canada","Canada"
"Portugal","Portugal"
"France","France"
"United Kingdom","UK"
"Spain","Spain"
"U.S.A.","USA"
"USA","USA"
"USA","USA"
"Australia","Australia"
"United States","USA"
"USA","USA"
"China","China"
"Germany","Germany"
"United States","USA"
"Turkey","Turkey"
"USA","USA"
"Australia","Australia"
"United Kingdom","UK"
"UK","UK"
"Germany","Germany"
"Germany","Germany"
"Italy","Italy"
"Germany","Germany"
"United States","USA"
"USA","USA"
"The Netherlands","The Netherlands"
"United States","USA"
"italy","italy"
"Germany","Germany"
"Brazil","Brazil"
"United States","USA"
"India","India"
"Germany","Germany"
"U.S.A.","USA"
"Germany","Germany"
"U.S.A.","USA"
"Portugal","Portugal"
"India","India"
"Belgium","Belgium"
"Belgium","Belgium"
"Germany","Germany"
"USA","USA"
"Australia","Australia"
"UK","UK"
"UK","UK"
"UK","UK"
"United States","USA"
"Portugal","Portugal"
"U.S.A.","USA"
"Germany","Germany"
"Australia","Australia"
"Spain","Spain"
"The Netherlands","The Netherlands"
"USA","USA"
"Germany","Germany"
"United States","USA"
"UK","UK"
"Germany","Germany"
"USA","USA"
"USA","USA"
"U.S.A.","USA"
"Italy","Italy"
"Romania","Romania"
"UK","UK"
"Portugal","Portugal"
"Portugal","Portugal"
"The Netherlands","The Netherlands"
"USA","USA"
