"(1988-05-05) 5 May 1988 (age 25) Tottenham, Greater London, UK","May 5, 1988"
"(1948-01-13) January 13, 1948 (age 65) Seattle, Washington, USA","January 13, 1948"
"(1968-03-11) March 11, 1968 (age 45) Bethesda, Maryland, USA","March 11, 1968"
"(1956-03-05)March 5, 1956 Santa Monica, California, U.S.","March 5, 1956"
"(1983-04-15) 15 April 1983 (age 30) Southampton, Hampshire, England","April 15, 1983"
"(1953-02-26) February 26, 1953 (age 60) New Haven, Connecticut, United States","February 26, 1953"
"(1940-03-19) 19 March 1940 (age 73) Liverpool, England","March 19, 1940"
"(1944-09-12)September 12, 1944 Galveston, Texas, United States","September 12, 1944"
"(1958-08-29)August 29, 1958 Gary, Indiana, U.S.","August 29, 1958"
"(1926-05-26)May 26, 1926 Alton, Illinois, U.S.","May 26, 1926"
"(1983-11-10) November 10, 1983 (age 30) Longview, Texas, U.S.","November 10, 1983"
"(1975-02-04) 4 February 1975 (age 38) Sydney, New South Wales, Australia","February 4, 1975"
"(1978-12-02) December 2, 1978 (age 35) Victoria, British Columbia, Canada","December 2, 1978"
"(1948-06-19)19 June 1948 Rangoon, Burma","June 19, 1948"
"(1980-01-28) January 28, 1980 (age 33) Jamestown, New York, U.S.","January 28, 1980"
"(1945-07-26) July 26, 1945 (age 68) Durham, North Carolina, United States","July 26, 1945"
"(1984-05-14) 14 May 1984 (age 29) Witham, England, United Kingdom","May 14, 1984"
"(1982-12-08) December 8, 1982 (age 30)[1] Saint James, Port of Spain, Trinidad and Tobago","December 8, 1982"
"(1941-09-09)September 9, 1941 Dawson, Georgia, U.S.","September 9, 1941"
"(1948-10-13)13 October 1948 Faisalabad, Punjab, Pakistan","October 13, 1948"
"(1960-05-10) 10 May 1960 (age 53) Dublin, Ireland","May 10, 1960"
"(1951-01-30) 30 January 1951 (age 62) Middlesex, London, England","January 30, 1951"
"(1990-09-20) September 20, 1990 (age 23) Albany, Georgia, U.S.","September 20, 1990"
"(1947-03-25) 25 March 1947 (age 66) Pinner, Middlesex, England","March 25, 1947"
"(1949-11-08) November 8, 1949 (age 64) Burbank, California, United States","November 8, 1949"
"(1990-11-26) 26 November 1990 (age 23) Pristina, SFR Yugoslavia","November 26, 1990"
"(1974-02-05) 5 February 1974 (age 39)","February 5, 1974"
"(1974-02-13) 13 February 1974 (age 39) Stoke-on-Trent, Staffordshire, England","February 13, 1974"
"(1977-03-10) March 10, 1977 (age 36) Los Angeles, California, U.S.","March 10, 1977"
"(1945-01-10) 10 January 1945 (age 68) Highgate, North London, England","January 10, 1945"
"(1964-01-08) 8 January 1964 (age 49) St. Catharines, Ontario, Canada","January 8, 1964"
"(1967-05-01) May 1, 1967 (age 46) Delhi, Louisiana, U.S.","May 1, 1967"
"(1979-12-07) December 7, 1979 (age 34) Eureka, California, U.S.","December 7, 1979"
"(1992-07-22) July 22, 1992 (age 21) Grand Prairie, Texas, U.S.","July 22, 1992"
"(1971-04-16)April 16, 1971 Lake Jackson, Texas, United States","April 16, 1971"
"(1966-12-08) 8 December 1966 (age 46)","December 8, 1966"
"(1948-07-21) 21 July 1948 (age 65) Marylebone, London, United Kingdom","July 21, 1948"
"(1950-05-13) May 13, 1950 (age 63) Saginaw, Michigan, U.S.","May 13, 1950"
"(1989-12-13) December 13, 1989 (age 23) Reading, Pennsylvania, U.S.","December 13, 1989"
"(1985-07-17) 17 July 1985 (age 28) Harrow, London, England","July 17, 1985"
"(1967-09-29) 29 September 1967 (age 46)","September 29, 1967"
"(1947-02-14)February 14, 1947 Washington, D.C., United States","February 14, 1947"
"(1953-10-15) October 15, 1953 (age 60) Gary, Indiana, U.S.","October 15, 1953"
"(1984-11-28) November 28, 1984 (age 29) Petersburg, Virginia, U.S.","November 28, 1984"
"(1978-12-30) December 30, 1978 (age 34) Los Angeles, California, U.S.","December 30, 1978"
"(1980-08-16) August 16, 1980 (age 33) Milford, Pennsylvania, U.S.","August 16, 1980"
"(1991-01-12) 12 January 1991 (age 22)[2] Bromley, London, England","January 12, 1991"
"(1933-04-29) April 29, 1933 (age 80)[1] Abbott, Texas, United States","April 29, 1933"
"(1953-03-23) March 23, 1953 (age 60) Chicago, Illinois, United States","March 23, 1953"
"(1981-12-02) December 2, 1981 (age 32) McComb, Mississippi, U.S.","December 2, 1981"
"(1945-06-25) June 25, 1945 (age 68) New York City, New York, United States","June 25, 1945"
"(1983-03-10) March 10, 1983 (age 30)[1] Muskogee, Oklahoma, United States","March 10, 1983"
"(1980-12-18) December 18, 1980 (age 32) Staten Island, New York, U.S.","December 18, 1980"
"(1951-09-07) September 7, 1951 (age 62) Akron, Ohio, United States","September 7, 1951"
"(1945-05-07) 7 May 1945 (age 68)","May 7, 1945"
"(1985-10-25) October 25, 1985 (age 28) Austin, Texas, United States","October 25, 1985"
"(1997-01-11) 11 January 1997 (age 16) Gold Coast, QLD, Australia","January 11, 1997"
"(1985-05-28) May 28, 1985 (age 28) Newbury Park, California, United States","May 28, 1985"
"(1941-08-14) August 14, 1941 (age 72) Elkhart, Indiana, U.S.","August 14, 1941"
"(1943-12-21) 21 December 1943 (age 69) Lingen, Herefordshire, England","December 21, 1943"
"(1979-02-26) 26 February 1979 (age 34) Leeds, West Yorkshire, England","February 26, 1979"
"(1974-11-02) November 2, 1974 (age 39) Austin, Texas, United States","November 2, 1974"
"(1973-12-07) 7 December 1973 (age 40)","December 7, 1973"
"(1952-09-09) 9 September 1952 (age 61)","September 9, 1952"
"(1947-01-08) 8 January 1947 (age 66) London, England","January 8, 1947"
"(1992-08-20) August 20, 1992 (age 21) Albuquerque, New Mexico, U.S.","August 20, 1992"
"(1992-11-23) November 23, 1992 (age 21) Nashville, Tennessee, U.S.","November 23, 1992"
"(1945-07-29)July 29, 1945 Rio de Janeiro, Rio de Janeiro, Brazil","July 29, 1945"
"(1991-02-17) 17 February 1991 (age 22) Halifax, England","February 17, 1991"
"(1986-12-30) 30 December 1986 (age 26) Lyonshall, Herefordshire, England","December 30, 1986"
"(1986-06-21) June 21, 1986 (age 27) New York City, New York, U.S.","June 21, 1986"
"(1928-12-30)December 30, 1928 McComb, Mississippi, United States","December 30, 1928"
"(1935-01-08)January 8, 1935 Tupelo, Mississippi, U.S.","January 8, 1935"
"(1971-02-26) February 26, 1971 (age 42) Dallas, Texas, United States","February 26, 1971"
"(1933-02-21)February 21, 1933 Tryon, North Carolina, U.S.","February 21, 1933"
"(1915-12-12)December 12, 1915 Hoboken, New Jersey, U.S.[2]","December 12, 1915"
"(1978-05-12) May 12, 1978 (age 35) Los Angeles, California, United States","May 12, 1978"
"(1965-10-30) 30 October 1965 (age 48) London, England, United Kingdom","October 30, 1965"
"(1977-02-04) February 4, 1977 (age 36) South Fallsburg, New York, United States","February 4, 1977"
"(1945-08-31) 31 August 1945 (age 68)","August 31, 1945"
"(1963-06-25) 25 June 1963 (age 50) East Finchley, London, England","June 25, 1963"
"(1972-08-06) 6 August 1972 (age 41)[1][2][3][4] Watford, Hertfordshire, United Kingdom","August 6, 1972"
"(1964-09-28) 28 September 1964 (age 49) Caen, France","September 28, 1964"
"(1997-08-16) August 16, 1997 (age 16)[1] Wichita Falls, Texas, USA[2]","August 16, 1997"
"(1921-11-29)November 29, 1921 Bukan, West Azerbaijan, Iran","November 29, 1921"
"(1943-12-31)December 31, 1943 Roswell, New Mexico, U.S.","December 31, 1943"
"(1990-06-07) 7 June 1990 (age 23) Sydney, Australia","June 7, 1990"
"(1932-02-26)February 26, 1932 Kingsland, Arkansas, United States","February 26, 1932"
"(1934-06-09)June 9, 1934 Detroit, Michigan, U.S.","June 9, 1934"
"(1924-06-03)June 3, 1924 Ruleville, Mississippi, United States","June 3, 1924"
"(1938-01-25)January 25, 1938 Los Angeles, California, U.S.","January 25, 1938"
"(1974-02-22) 22 February 1974 (age 39) Tidworth, Wiltshire, United Kingdom","February 22, 1974"
"(1933-05-03)May 3, 1933 Barnwell, South Carolina, United States","May 3, 1933"
"(1942-06-18) 18 June 1942 (age 71) Liverpool, England","June 18, 1942"
"(1948-03-12) March 12, 1948 (age 65) Boston, Massachusetts, United States","March 12, 1948"
"(1977-06-23) June 23, 1977 (age 36) Mechanicsville, Virginia, U.S.","June 23, 1977"
"(1966-11-17)November 17, 1966 Anaheim, California, United States","November 17, 1966"
"(1988-03-27) 27 March 1988 (age 25) Chadwell Heath, London, UK","March 27, 1988"
"(1987-04-11) 11 April 1987 (age 26) Dover, Kent, England","April 11, 1987"
"(1977-10-16) October 16, 1977 (age 36) Bridgeport, Connecticut, United States","October 16, 1977"
"(1942-11-27)November 27, 1942 Seattle, Washington, US","November 27, 1942"
"(1939-11-26) November 26, 1939 (age 74) Nutbush, Tennessee, U.S.","November 26, 1939"
"(1978-12-28) December 28, 1978 (age 34) Springfield, Ohio, U.S.","December 28, 1978"
"(1989-12-22) December 22, 1989 (age 23) Phoenix, Arizona, U.S.","December 22, 1989"
"(1926-03-16) March 16, 1926 (age 87) Newark, New Jersey, US","March 16, 1926"
"(1986-09-03) 3 September 1986 (age 27) Mangere, Auckland","September 3, 1986"
"(1994-03-01) March 1, 1994 (age 19) London, Ontario, Canada","March 1, 1994"
"(1981-01-31) January 31, 1981 (age 32) Memphis, Tennessee, U.S.","January 31, 1981"
"(1987-07-06) 6 July 1987 (age 26) Harrow, London, England[1]","July 6, 1987"
"(1984-10-25) October 25, 1984 (age 29) Santa Barbara, California, U.S.","October 25, 1984"
"(1954-12-25) 25 December 1954 (age 58)","December 25, 1954"
"(1989-05-08) 8 May 1989 (age 24) London, United Kingdom[1]","May 8, 1989"
"(1981-02-11) February 11, 1981 (age 32) Atlanta, Georgia, United States","February 11, 1981"
"(1982-04-24) April 24, 1982 (age 31) Fort Worth, Texas, U.S.","April 24, 1982"
"(1987-03-01) March 1, 1987 (age 26)[1] Los Angeles, California, United States","March 1, 1987"
"(1990-02-03) February 3, 1990 (age 23) Miami, Florida, United States","February 3, 1990"
"(1986-09-14) 14 September 1986 (age 27) Accra, Greater Accra, Ghana","September 14, 1986"
"(1968-05-28) 28 May 1968 (age 45) Melbourne, Victoria, Australia","May 28, 1968"
"(1948-12-31)December 31, 1948 Boston, Massachusetts, U.S.","December 31, 1948"
