45 in HIGH x 36 in WIDE(114.30 cm HIGH x 91.44 cm WIDE),none
63 in HIGH x 39.25 in WIDE(160.02 cm HIGH x 99.69 cm WIDE),none
17 in HIGH x 12.5 in WIDE(43.18 cm HIGH x 31.75 cm WIDE),none
23.75 in HIGH x 30 in WIDE(60.32 cm HIGH x 76.20 cm WIDE),none
29.25 in HIGH x 26.125 in WIDE x .75 in DEEP(74.29 cm HIGH x 66.36 cm WIDE x 1.90 cm DEEP),.75
18 in HIGH x 36 in WIDE(45.72 cm HIGH x 91.44 cm WIDE),none
16 in HIGH x 26 in WIDE(40.64 cm HIGH x 66.04 cm WIDE),none
70 in HIGH x 61.25 in WIDE(177.80 cm HIGH x 155.57 cm WIDE),none
13 in HIGH x 35 in WIDE(33.02 cm HIGH x 88.90 cm WIDE),none
48 in HIGH x 48 in WIDE(121.92 cm HIGH x 121.92 cm WIDE),none
32 in HIGH x 50 in WIDE(81.28 cm HIGH x 127.00 cm WIDE),none
43.5 in HIGH x 58 in WIDE(110.49 cm HIGH x 147.32 cm WIDE),none
40 in HIGH x 34 in WIDE(101.60 cm HIGH x 86.36 cm WIDE),none
50 in HIGH x 56 in WIDE(127.00 cm HIGH x 142.24 cm WIDE),none
84 in HIGH x 66 in WIDE(213.36 cm HIGH x 167.64 cm WIDE),none
13 in HIGH x 11.5 in WIDE(33.02 cm HIGH x 29.21 cm WIDE),none
109 in HIGH x 68 in WIDE(276.86 cm HIGH x 172.72 cm WIDE),none
19.75 in HIGH x 22.75 in WIDE x 0.25 in DEEP(50.16 cm HIGH x 57.78 cm WIDE x .63 cm DEEP),0.25
30 in HIGH x 24 in WIDE(76.20 cm HIGH x 60.96 cm WIDE),none
27 in HIGH x 34 in WIDE(68.58 cm HIGH x 86.36 cm WIDE),none
48 in HIGH x 51.25 in WIDE(121.92 cm HIGH x 130.17 cm WIDE),none
20 in HIGH x 25 in WIDE(50.80 cm HIGH x 63.50 cm WIDE),none
16 in HIGH x 20 in WIDE(40.64 cm HIGH x 50.80 cm WIDE),none
11 in HIGH x 14 in WIDE(27.94 cm HIGH x 35.56 cm WIDE),none
60 in HIGH x 72 in WIDE(152.40 cm HIGH x 182.88 cm WIDE),none
70 in HIGH x 61.25 in WIDE(177.80 cm HIGH x 155.57 cm WIDE),none
11 in HIGH x 7.75 in WIDE(27.94 cm HIGH x 19.68 cm WIDE),none
60 in HIGH x 47.75 in WIDE(152.40 cm HIGH x 121.28 cm WIDE),none
96 in HIGH x 76 in WIDE(243.84 cm HIGH x 193.04 cm WIDE),none
51.25 in HIGH x 45.75 in WIDE(130.17 cm HIGH x 116.20 cm WIDE),none
70 in HIGH x 68 in WIDE(177.80 cm HIGH x 172.72 cm WIDE),none
16 in HIGH x 20 in WIDE(40.64 cm HIGH x 50.80 cm WIDE),none
59.75 in HIGH x 39.75 in WIDE(151.76 cm HIGH x 100.96 cm WIDE),none
60.125 in HIGH x 40.25 in WIDE(152.72 cm HIGH x 102.23 cm WIDE),none
64.5 in HIGH x 60.5 in WIDE(163.83 cm HIGH x 153.67 cm WIDE),none
16 in HIGH x 17.625 in WIDE(40.64 cm HIGH x 44.77 cm WIDE),none
29.875 in HIGH x 25.5 in WIDE(75.88 cm HIGH x 64.77 cm WIDE),none
41 in HIGH x 57.5 in WIDE(104.14 cm HIGH x 146.05 cm WIDE),none
48 in HIGH x 60 in WIDE(121.92 cm HIGH x 152.40 cm WIDE),none
87.5 in HIGH x 84 in WIDE(222.25 cm HIGH x 213.36 cm WIDE),none
10 in HIGH x 14 in WIDE(25.40 cm HIGH x 35.56 cm WIDE),none
18 in HIGH x 24 in WIDE(45.72 cm HIGH x 60.96 cm WIDE),none
16 in HIGH x 20 in WIDE(40.64 cm HIGH x 50.80 cm WIDE),none
18 in HIGH x 24 in WIDE(45.72 cm HIGH x 60.96 cm WIDE),none
68.5 in HIGH x 69 in WIDE(173.99 cm HIGH x 175.26 cm WIDE),none
24 in HIGH x 72 in WIDE(60.96 cm HIGH x 182.88 cm WIDE),none
18 in HIGH x 24 in WIDE(45.72 cm HIGH x 60.96 cm WIDE),none
18 in HIGH x 24 in WIDE(45.72 cm HIGH x 60.96 cm WIDE),none
36 in HIGH x 40 in WIDE(91.44 cm HIGH x 101.60 cm WIDE),none
101 in HIGH x 96.5 in WIDE(256.54 cm HIGH x 245.11 cm WIDE),none
60 in HIGH x 42 in WIDE(152.40 cm HIGH x 106.68 cm WIDE),none
40.625 in HIGH x 53.5 in WIDE x 1.125 in DEEP(103.19 cm HIGH x 135.89 cm WIDE x 2.86 cm DEEP),1.125
29.75 in HIGH(75.56 cm HIGH),none
40.5 in HIGH x 30 in WIDE(102.87 cm HIGH x 76.20 cm WIDE),none
60 in HIGH x 54 in WIDE(152.40 cm HIGH x 137.16 cm WIDE),none
60 in HIGH x 60 in WIDE(152.40 cm HIGH x 152.40 cm WIDE),none
49.5 in HIGH x 37.5 in WIDE(125.73 cm HIGH x 95.25 cm WIDE),none
12 in HIGH x 10 in WIDE(30.48 cm HIGH x 25.40 cm WIDE),none
69 in HIGH x 55.5 in WIDE x 1.75 in DEEP(175.26 cm HIGH x 140.97 cm WIDE x 4.44 cm DEEP),1.75
17 in HIGH x 111 in WIDE x 1.5 in DEEP(43.18 cm HIGH x 281.94 cm WIDE x 3.81 cm DEEP),1.5
96 in HIGH x 48 in WIDE x 1.75 in DEEP(243.84 cm HIGH x 121.92 cm WIDE x 4.44 cm DEEP),1.75
46.375 in HIGH x 81 in WIDE x 2.25 in DEEP(117.79 cm HIGH x 205.74 cm WIDE x 5.71 cm DEEP),2.25
87.5 in HIGH x 106 in WIDE x 12 in DEEP(222.25 cm HIGH x 269.24 cm WIDE x 30.48 cm DEEP),12
90 in HIGH x 120 in WIDE x 1 in DEEP(228.60 cm HIGH x 304.80 cm WIDE x 2.54 cm DEEP),1
56.875 in HIGH x 57 in WIDE x 4.5 in DEEP(144.46 cm HIGH x 144.78 cm WIDE x 11.43 cm DEEP),4.5
5.25 in HIGH x 23.75 in WIDE x 0.75 in DEEP(13.33 cm HIGH x 60.32 cm WIDE x 1.90 cm DEEP),0.75
75 in HIGH x 48 in WIDE(190.50 cm HIGH x 121.92 cm WIDE),none
18 in HIGH x 24 in WIDE(45.72 cm HIGH x 60.96 cm WIDE),none
69 in HIGH x 46 in WIDE x 2.125 in DEEP(175.26 cm HIGH x 116.84 cm WIDE x 5.40 cm DEEP),2.125
66 in HIGH x 66 in WIDE x 1.75 in DEEP(167.64 cm HIGH x 167.64 cm WIDE x 4.44 cm DEEP),1.75
38.5 in HIGH x 54.5 in WIDE(97.79 cm HIGH x 138.43 cm WIDE),none
48 in HIGH x 60 in WIDE(121.92 cm HIGH x 152.40 cm WIDE),none
66 in HIGH x 97 in WIDE x 1.75 in DEEP(167.64 cm HIGH x 246.38 cm WIDE x 4.44 cm DEEP),1.75
84.25 in HIGH x 66.25 in WIDE(213.99 cm HIGH x 168.27 cm WIDE),none
93 in HIGH x 76 in WIDE(236.22 cm HIGH x 193.04 cm WIDE),none
82 in HIGH x 119.5 in WIDE(208.28 cm HIGH x 303.53 cm WIDE),none
80 in HIGH x 96 in WIDE x 2 in DEEP(203.20 cm HIGH x 243.84 cm WIDE x 5.08 cm DEEP),2
80.25 in HIGH x 65.5 in WIDE x 1.25 in DEEP(203.83 cm HIGH x 166.37 cm WIDE x 3.17 cm DEEP),1.25
72 in HIGH x 144 in WIDE(182.88 cm HIGH x 365.76 cm WIDE),none
16.125 in HIGH x 45.75 in WIDE x 1.75 in DEEP(40.96 cm HIGH x 116.20 cm WIDE x 4.44 cm DEEP),1.75
36 in HIGH x 48 in WIDE(91.44 cm HIGH x 121.92 cm WIDE),none
12.75 in HIGH x 8.5 in WIDE(32.38 cm HIGH x 21.59 cm WIDE),none
14 in HIGH x 18.125 in WIDE(35.56 cm HIGH x 46.04 cm WIDE),none
54 in HIGH x 90 in WIDE x 15 in DEEP(137.16 cm HIGH x 228.60 cm WIDE x 38.10 cm DEEP),15
36 in HIGH x 42 in WIDE(91.44 cm HIGH x 106.68 cm WIDE),none
20 in HIGH x 20 in WIDE(50.80 cm HIGH x 50.80 cm WIDE),none
52.5 in HIGH x 43.75 in WIDE x 1.75 in DEEP(133.35 cm HIGH x 111.12 cm WIDE x 4.44 cm DEEP),1.75
60 in HIGH x 80 in WIDE x 1.5 in DEEP(152.40 cm HIGH x 203.20 cm WIDE x 3.81 cm DEEP),1.5
49.75 in HIGH x 58.25 in WIDE x 2.25 in DEEP(126.36 cm HIGH x 147.95 cm WIDE x 5.71 cm DEEP),2.25
44.25 in HIGH x 81 in WIDE x 2.25 in DEEP(112.39 cm HIGH x 205.74 cm WIDE x 5.71 cm DEEP),2.25
60 in HIGH x 48 in WIDE(152.40 cm HIGH x 121.92 cm WIDE),none
42.5 in HIGH x 81 in WIDE x 2.25 in DEEP(107.95 cm HIGH x 205.74 cm WIDE x 5.71 cm DEEP),2.25
22 in HIGH x 28 in WIDE(55.88 cm HIGH x 71.12 cm WIDE),none
8 in HIGH x 10 in WIDE(20.32 cm HIGH x 25.40 cm WIDE),none
16 in HIGH x 14 in WIDE(40.64 cm HIGH x 35.56 cm WIDE),none
12.125 in HIGH x 16 in WIDE(30.80 cm HIGH x 40.64 cm WIDE),none
85 in HIGH x 80 in WIDE(215.90 cm HIGH x 203.20 cm WIDE),none
59.75 in WIDE(151.76 cm WIDE),none
74.5 in HIGH x 67.5 in WIDE(189.23 cm HIGH x 171.45 cm WIDE),none
65.5 in HIGH x 65.5 in WIDE x 2 in DEEP(166.37 cm HIGH x 166.37 cm WIDE x 5.08 cm DEEP),2
52 in HIGH x 76 in WIDE x 9 in DEEP(132.08 cm HIGH x 193.04 cm WIDE x 22.86 cm DEEP),9
31 in HIGH x 36.5 in WIDE(78.74 cm HIGH x 92.71 cm WIDE),none
15.875 in HIGH x 10 in WIDE x 3.375 in DEEP(40.32 cm HIGH x 25.40 cm WIDE x 8.57 cm DEEP),3.375
78 in HIGH x 104 in WIDE(198.12 cm HIGH x 264.16 cm WIDE),none
24 in HIGH x 36 in WIDE(60.96 cm HIGH x 91.44 cm WIDE),none
45 in HIGH x 45 in WIDE x .75 in DEEP(114.30 cm HIGH x 114.30 cm WIDE x 1.90 cm DEEP),.75
41.5 in HIGH x 29.5 in WIDE x 1.5 in DEEP(105.41 cm HIGH x 74.93 cm WIDE x 3.81 cm DEEP),1.5
54 in HIGH x 54 in WIDE(137.16 cm HIGH x 137.16 cm WIDE),none
48 in HIGH x 36 in WIDE(121.92 cm HIGH x 91.44 cm WIDE),none
13.75 in HIGH x 13.75 in WIDE x 1.125 in DEEP(34.92 cm HIGH x 34.92 cm WIDE x 2.86 cm DEEP),1.125
22 in HIGH x 46 in WIDE(55.88 cm HIGH x 116.84 cm WIDE),none
82 in HIGH x 82 in WIDE(208.28 cm HIGH x 208.28 cm WIDE),none
30.25 in HIGH x 24.375 in WIDE(76.83 cm HIGH x 61.91 cm WIDE),none
12 in HIGH x 7.75 in WIDE x 1.5 in DEEP(30.48 cm HIGH x 19.68 cm WIDE x 3.81 cm DEEP),1.5
83 in HIGH x 178.5 in WIDE x 3 in DEEP(210.82 cm HIGH x 453.39 cm WIDE x 7.62 cm DEEP),3
58.25 in HIGH x 52 in WIDE x 1.5 in DEEP(147.95 cm HIGH x 132.08 cm WIDE x 3.81 cm DEEP),1.5
96 in HIGH x 80 in WIDE(243.84 cm HIGH x 203.20 cm WIDE),none
80 in HIGH x 160 in WIDE(203.20 cm HIGH x 406.40 cm WIDE),none
96 in HIGH x 80 in WIDE(243.84 cm HIGH x 203.20 cm WIDE),none
37 in HIGH x 17.75 in WIDE(93.98 cm HIGH x 45.08 cm WIDE),none
18 in HIGH x 18 in WIDE x 1.125 in DEEP(45.72 cm HIGH x 45.72 cm WIDE x 2.86 cm DEEP),1.125
35 in HIGH x 36 in WIDE(88.90 cm HIGH x 91.44 cm WIDE),none
16 in HIGH x 16 in WIDE x 1.5 in DEEP(40.64 cm HIGH x 40.64 cm WIDE x 3.81 cm DEEP),1.5
65 in HIGH x 53 in WIDE(165.10 cm HIGH x 134.62 cm WIDE),none
36 in HIGH x 36 in WIDE x 2.5 in DEEP(91.44 cm HIGH x 91.44 cm WIDE x 6.35 cm DEEP),2.5
80 in HIGH x 110 in WIDE(203.20 cm HIGH x 279.40 cm WIDE),none
17 in HIGH x 14 in WIDE x 1.5 in DEEP(43.18 cm HIGH x 35.56 cm WIDE x 3.81 cm DEEP),1.5
22 in HIGH x 18 in WIDE(55.88 cm HIGH x 45.72 cm WIDE),none
84 in HIGH x 60 in WIDE(213.36 cm HIGH x 152.40 cm WIDE),none
9 in HIGH x 89 in WIDE(22.86 cm HIGH x 226.06 cm WIDE),none
23.5 in HIGH x 17.5 in WIDE(59.69 cm HIGH x 44.45 cm WIDE),none
26 in HIGH x 41.5 in WIDE(66.04 cm HIGH x 105.41 cm WIDE),none
71 in HIGH x 37 in WIDE(180.34 cm HIGH x 93.98 cm WIDE),none
60 in HIGH x 60 in WIDE(152.40 cm HIGH x 152.40 cm WIDE),none
18.5 in HIGH x 17 in WIDE(46.99 cm HIGH x 43.18 cm WIDE),none
9.75 in HIGH x 8.25 in WIDE(24.76 cm HIGH x 20.95 cm WIDE),none
83 in HIGH x 83 in WIDE x 1.5 in DEEP(210.82 cm HIGH x 210.82 cm WIDE x 3.81 cm DEEP),1.5
48 in HIGH x 48 in WIDE(121.92 cm HIGH x 121.92 cm WIDE),none
24 in HIGH x 20 in WIDE x 1.25 in DEEP(60.96 cm HIGH x 50.80 cm WIDE x 3.17 cm DEEP),1.25
64 in HIGH x 68 in WIDE(162.56 cm HIGH x 172.72 cm WIDE),none
44.375 in HIGH x 54 in WIDE(112.71 cm HIGH x 137.16 cm WIDE),none
80 in HIGH x 72 in WIDE(203.20 cm HIGH x 182.88 cm WIDE),none
9 in HIGH x 12 in WIDE(22.86 cm HIGH x 30.48 cm WIDE),none
60 in HIGH x 72 in WIDE(152.40 cm HIGH x 182.88 cm WIDE),none
90 in HIGH x 90 in WIDE(228.60 cm HIGH x 228.60 cm WIDE),none
96 in HIGH x 72 in WIDE(243.84 cm HIGH x 182.88 cm WIDE),none
94 in HIGH x 77 in WIDE(238.76 cm HIGH x 195.58 cm WIDE),none
36.5 in HIGH x 28.875 in WIDE(92.71 cm HIGH x 73.34 cm WIDE),none
20.25 in HIGH x 22 in WIDE(51.43 cm HIGH x 55.88 cm WIDE),none
13 in HIGH x 17 in WIDE(33.02 cm HIGH x 43.18 cm WIDE),none
20 in HIGH x 16 in WIDE(50.80 cm HIGH x 40.64 cm WIDE),none
4.75 in HIGH x 4.75 in WIDE(12.06 cm HIGH x 12.06 cm WIDE),none
4.75 in HIGH x 4.75 in WIDE(12.06 cm HIGH x 12.06 cm WIDE),none
13.625 in HIGH x 9.875 in WIDE(34.61 cm HIGH x 25.08 cm WIDE),none
13 in HIGH x 16.5 in WIDE(33.02 cm HIGH x 41.91 cm WIDE),none
13.75 in HIGH x 15 in WIDE(34.92 cm HIGH x 38.10 cm WIDE),none
18 in HIGH x 14 in WIDE x 1.75 in DEEP(45.72 cm HIGH x 35.56 cm WIDE x 4.44 cm DEEP),1.75
22 in HIGH x 17.5 in WIDE(55.88 cm HIGH x 44.45 cm WIDE),none
20 in HIGH x 25 in WIDE(50.80 cm HIGH x 63.50 cm WIDE),none
24 in HIGH x 50 in WIDE(60.96 cm HIGH x 127.00 cm WIDE),none
92 in HIGH x 66 in WIDE(233.68 cm HIGH x 167.64 cm WIDE),none
18 in HIGH x 24 in WIDE(45.72 cm HIGH x 60.96 cm WIDE),none
22.75 in HIGH x 28.5 in WIDE(57.78 cm HIGH x 72.39 cm WIDE),none
26.25 in HIGH x 42 in WIDE(66.67 cm HIGH x 106.68 cm WIDE),none
26 in HIGH x 42 in WIDE(66.04 cm HIGH x 106.68 cm WIDE),none
14.25 in HIGH x 21.25 in WIDE(36.19 cm HIGH x 53.97 cm WIDE),none
14.5 in HIGH x 30.5 in WIDE(36.83 cm HIGH x 77.47 cm WIDE),none
8.38 in HIGH x 10.38 in WIDE(21.29 cm HIGH x 26.37 cm WIDE),none
20 in. HIGH x 24 in. WIDE,none
33 in HIGH x 23.5 in WIDE(83.82 cm HIGH x 59.69 cm WIDE),none
24 in HIGH x 18.25 in WIDE(60.96 cm HIGH x 46.35 cm WIDE),none
26.5 in HIGH x 23.25 in WIDE(67.31 cm HIGH x 59.05 cm WIDE),none
10 in HIGH x 10.625 in WIDE(25.40 cm HIGH x 26.99 cm WIDE),none
14 in HIGH x 12 in WIDE(35.56 cm HIGH x 30.48 cm WIDE),none
5.13 in HIGH x 9.375 in WIDE(13.03 cm HIGH x 23.81 cm WIDE),none
5.375 in HIGH x 9.375 in WIDE(13.65 cm HIGH x 23.81 cm WIDE),none
5.25 in HIGH x 9.375 in WIDE(13.33 cm HIGH x 23.81 cm WIDE),none
51 in HIGH x 31.5 in WIDE(129.54 cm HIGH x 80.01 cm WIDE),none
29 in HIGH x 23.5 in WIDE(73.66 cm HIGH x 59.69 cm WIDE),none
26 in HIGH x 30 in WIDE(66.04 cm HIGH x 76.20 cm WIDE),none
25.25 in HIGH x 10 in WIDE(64.13 cm HIGH x 25.40 cm WIDE),none
20 in HIGH x 24 in WIDE(50.80 cm HIGH x 60.96 cm WIDE),none
13 in HIGH x 18 in WIDE(33.02 cm HIGH x 45.72 cm WIDE),none
8.125 in HIGH x 6.875 in WIDE x 1 in DEEP(20.64 cm HIGH x 17.46 cm WIDE x 2.54 cm DEEP),1
33.5 in HIGH x 39 in WIDE(85.09 cm HIGH x 99.06 cm WIDE),none
20 in HIGH x 16.5 in WIDE(50.80 cm HIGH x 41.91 cm WIDE),none
11 in HIGH x 14 in WIDE(27.94 cm HIGH x 35.56 cm WIDE),none
20 in HIGH x 26 in WIDE(50.80 cm HIGH x 66.04 cm WIDE),none
49.5 in HIGH x 37.25 in WIDE(125.73 cm HIGH x 94.61 cm WIDE),none
9.5 in HIGH x 11.875 in WIDE(24.13 cm HIGH x 30.16 cm WIDE),none
46 in HIGH x 35.75 in WIDE(116.84 cm HIGH x 90.80 cm WIDE),none
14.875 in HIGH x 22.125 in WIDE(37.78 cm HIGH x 56.20 cm WIDE),none
34.5 in HIGH x 24 in WIDE(87.63 cm HIGH x 60.96 cm WIDE),none
20 in HIGH x 14.125 in WIDE(50.80 cm HIGH x 35.88 cm WIDE),none
30 in HIGH x 24.25 in WIDE(76.20 cm HIGH x 61.59 cm WIDE),none
52 in HIGH x 57.5 in WIDE(132.08 cm HIGH x 146.05 cm WIDE),none
12 in HIGH x 12 in WIDE(30.48 cm HIGH x 30.48 cm WIDE),none
16 in HIGH x 20 in WIDE(40.64 cm HIGH x 50.80 cm WIDE),none
16 in HIGH x 20 in WIDE(40.64 cm HIGH x 50.80 cm WIDE),none
16 in HIGH x 20 in WIDE(40.64 cm HIGH x 50.80 cm WIDE),none
18 in HIGH x 14 in WIDE(45.72 cm HIGH x 35.56 cm WIDE),none
36 in HIGH x 30 in WIDE x 1 in DEEP(91.44 cm HIGH x 76.20 cm WIDE x 2.54 cm DEEP),1
16 in HIGH x 20 in WIDE(40.64 cm HIGH x 50.80 cm WIDE),none
16 in HIGH x 20 in WIDE(40.64 cm HIGH x 50.80 cm WIDE),none
16 in HIGH x 20 in WIDE(40.64 cm HIGH x 50.80 cm WIDE),none
30.125 in HIGH x 25.25 in WIDE(76.52 cm HIGH x 64.13 cm WIDE),none
82.63 in HIGH x 70.63 in WIDE(209.88 cm HIGH x 179.40 cm WIDE),none
60 in HIGH x 72 in WIDE x 1.75 in DEEP(152.40 cm HIGH x 182.88 cm WIDE x 4.44 cm DEEP),1.75
30 in HIGH x 25 in WIDE(76.20 cm HIGH x 63.50 cm WIDE),none
39.5 in HIGH x 72 in WIDE(100.33 cm HIGH x 182.88 cm WIDE),none
30 in HIGH x 52 in WIDE(76.20 cm HIGH x 132.08 cm WIDE),none
34 in HIGH x 27 in WIDE(86.36 cm HIGH x 68.58 cm WIDE),none
34.5 in HIGH x 30.75 in WIDE(87.63 cm HIGH x 78.10 cm WIDE),none
21.25 in HIGH x 30 in WIDE(53.97 cm HIGH x 76.20 cm WIDE),none
5.75 in HIGH x 8.75 in WIDE(14.60 cm HIGH x 22.22 cm WIDE),none
36.5 in HIGH x 28.75 in WIDE(92.71 cm HIGH x 73.02 cm WIDE),none
49 in HIGH x 80 in WIDE(124.46 cm HIGH x 203.20 cm WIDE),none
39 in HIGH x 50 in WIDE(99.06 cm HIGH x 127.00 cm WIDE),none
30.25 in HIGH x 26 in WIDE(76.83 cm HIGH x 66.04 cm WIDE),none
30 in HIGH x 36 in WIDE(76.20 cm HIGH x 91.44 cm WIDE),none
28 in HIGH x 36 in WIDE(71.12 cm HIGH x 91.44 cm WIDE),none
19.5 in HIGH x 26.375 in WIDE(49.53 cm HIGH x 66.99 cm WIDE),none
46 in HIGH x 33.5 in WIDE(116.84 cm HIGH x 85.09 cm WIDE),none
10 in HIGH x 12 in WIDE(25.40 cm HIGH x 30.48 cm WIDE),none
7.75 in HIGH x 12 in WIDE(19.68 cm HIGH x 30.48 cm WIDE),none
10 in HIGH x 14.25 in WIDE(25.40 cm HIGH x 36.19 cm WIDE),none
7.5 in HIGH x 14 in WIDE(19.05 cm HIGH x 35.56 cm WIDE),none
10 in HIGH x 14.25 in WIDE(25.40 cm HIGH x 36.19 cm WIDE),none
14 in HIGH x 17 in WIDE(35.56 cm HIGH x 43.18 cm WIDE),none
72 in HIGH x 72 in WIDE(182.88 cm HIGH x 182.88 cm WIDE),none
12 in HIGH x 20 in WIDE(30.48 cm HIGH x 50.80 cm WIDE),none
29.25 in HIGH x 28.5 in WIDE(74.29 cm HIGH x 72.39 cm WIDE),none
12 in HIGH x 12 in WIDE(30.48 cm HIGH x 30.48 cm WIDE),none
12 in HIGH x 12 in WIDE(30.48 cm HIGH x 30.48 cm WIDE),none
52 in. HIGH x 48 in. WIDE,none
8.75 in HIGH x 11.375 in WIDE(22.22 cm HIGH x 28.89 cm WIDE),none
13.25 in HIGH x 18.25 in WIDE(33.65 cm HIGH x 46.35 cm WIDE),none
20 in HIGH x 14 in WIDE x 1 in DEEP(50.80 cm HIGH x 35.56 cm WIDE x 2.54 cm DEEP),1
20 in HIGH x 26 in WIDE x 1.25 in DEEP(50.80 cm HIGH x 66.04 cm WIDE x 3.17 cm DEEP),1.25
29 in HIGH x 41 in WIDE x 1 in DEEP(73.66 cm HIGH x 104.14 cm WIDE x 2.54 cm DEEP),1
16.125 in HIGH x 24.125 in WIDE(40.96 cm HIGH x 61.28 cm WIDE),none
36 in HIGH x 48 in WIDE(91.44 cm HIGH x 121.92 cm WIDE),none
23 in HIGH x 31 in WIDE(58.42 cm HIGH x 78.74 cm WIDE),none
26 in HIGH x 21 in WIDE(66.04 cm HIGH x 53.34 cm WIDE),none
11.5 in HIGH x 15.5 in WIDE(29.21 cm HIGH x 39.37 cm WIDE),none
17.25 in HIGH x 27.5 in WIDE(43.81 cm HIGH x 69.85 cm WIDE),none
14.75 in HIGH x 9.5 in WIDE(37.46 cm HIGH x 24.13 cm WIDE),none
48.25 in HIGH x 58 in WIDE(122.55 cm HIGH x 147.32 cm WIDE),none
14.5 in HIGH x 14.25 in WIDE(36.83 cm HIGH x 36.19 cm WIDE),none
72 in HIGH x 96 in WIDE x 2 in DEEP(182.88 cm HIGH x 243.84 cm WIDE x 5.08 cm DEEP),2
48 in HIGH x 54 in WIDE x 2.375 in DEEP(121.92 cm HIGH x 137.16 cm WIDE x 6.03 cm DEEP),2.375
50.5 in HIGH x 72 in WIDE x 2.25 in DEEP(128.27 cm HIGH x 182.88 cm WIDE x 5.71 cm DEEP),2.25
61.125 in HIGH x 41 in WIDE x 1.125 in DEEP(155.26 cm HIGH x 104.14 cm WIDE x 2.86 cm DEEP),1.125
43.75 in HIGH x 29.5 in WIDE x 1.125 in DEEP(111.12 cm HIGH x 74.93 cm WIDE x 2.86 cm DEEP),1.125
61 in HIGH x 52 in WIDE x 1.5 in DEEP(154.94 cm HIGH x 132.08 cm WIDE x 3.81 cm DEEP),1.5
50 in HIGH x 40 in WIDE(127.00 cm HIGH x 101.60 cm WIDE),none
18 in HIGH x 24 in WIDE(45.72 cm HIGH x 60.96 cm WIDE),none
48.25 in HIGH x 57 in WIDE x 2.25 in DEEP(122.55 cm HIGH x 144.78 cm WIDE x 5.71 cm DEEP),2.25
64.75 in HIGH x 58 in WIDE x 1.5 in DEEP(164.46 cm HIGH x 147.32 cm WIDE x 3.81 cm DEEP),1.5
26.25 in HIGH x 28.25 in WIDE(66.67 cm HIGH x 71.75 cm WIDE),none
15.5 in HIGH x 19.75 in WIDE(39.37 cm HIGH x 50.16 cm WIDE),none
12 in HIGH x 14.75 in WIDE(30.48 cm HIGH x 37.46 cm WIDE),none
24 in HIGH x 20.5 in WIDE(60.96 cm HIGH x 52.07 cm WIDE),none
24 in HIGH x 30 in WIDE(60.96 cm HIGH x 76.20 cm WIDE),none
20 in HIGH x 23.75 in WIDE(50.80 cm HIGH x 60.32 cm WIDE),none
29 in HIGH x 40.13 in WIDE(73.66 cm HIGH x 101.93 cm WIDE),none
22 in HIGH x 32 in WIDE(55.88 cm HIGH x 81.28 cm WIDE),none
16 in HIGH x 16 in WIDE(40.64 cm HIGH x 40.64 cm WIDE),none
14 in HIGH x 20 in WIDE(35.56 cm HIGH x 50.80 cm WIDE),none
36 in HIGH x 36 in WIDE(91.44 cm HIGH x 91.44 cm WIDE),none
16 in HIGH x 16.26 in WIDE(40.64 cm HIGH x 41.30 cm WIDE),none
21.75 in HIGH x 26.75 in WIDE(55.24 cm HIGH x 67.94 cm WIDE),none
26.5 in HIGH x 22 in WIDE(67.31 cm HIGH x 55.88 cm WIDE),none
25.5 in HIGH x 22.5 in WIDE(64.77 cm HIGH x 57.15 cm WIDE),none
50.5 in HIGH x 38 in WIDE(128.27 cm HIGH x 96.52 cm WIDE),none
35 in HIGH x 55.5 in WIDE(88.90 cm HIGH x 140.97 cm WIDE),none
88 in HIGH x 72 in WIDE(223.52 cm HIGH x 182.88 cm WIDE),none
6.75 in HIGH x 10.25 in WIDE(17.14 cm HIGH x 26.03 cm WIDE),none
20 in HIGH x 30.5 in WIDE(50.80 cm HIGH x 77.47 cm WIDE),none
16 in HIGH x 20 in WIDE(40.64 cm HIGH x 50.80 cm WIDE),none
20 in HIGH x 20 in WIDE(50.80 cm HIGH x 50.80 cm WIDE),none
31 in HIGH x 38.5 in WIDE(78.74 cm HIGH x 97.79 cm WIDE),none
36 in HIGH x 30 in WIDE(91.44 cm HIGH x 76.20 cm WIDE),none
20 in HIGH x 37 in WIDE(50.80 cm HIGH x 93.98 cm WIDE),none
35.5 in HIGH x 30.25 in WIDE(90.17 cm HIGH x 76.83 cm WIDE),none
16 in HIGH x 20 in WIDE(40.64 cm HIGH x 50.80 cm WIDE),none
16.25 in HIGH x 22.25 in WIDE(41.27 cm HIGH x 56.51 cm WIDE),none
36 in HIGH x 62 in WIDE(91.44 cm HIGH x 157.48 cm WIDE),none
20 in HIGH x 24 in WIDE(50.80 cm HIGH x 60.96 cm WIDE),none
17.75 in HIGH x 40 in WIDE(45.08 cm HIGH x 101.60 cm WIDE),none
83.5 in HIGH x 46.5 in WIDE(212.09 cm HIGH x 118.11 cm WIDE),none
30.5 in HIGH x 36 in WIDE(77.47 cm HIGH x 91.44 cm WIDE),none
24 in HIGH x 30 in WIDE(60.96 cm HIGH x 76.20 cm WIDE),none
12 in HIGH x 16 in WIDE(30.48 cm HIGH x 40.64 cm WIDE),none
11.625 in HIGH x 9.75 in WIDE(29.53 cm HIGH x 24.76 cm WIDE),none
19.5 in HIGH x 23.25 in WIDE(49.53 cm HIGH x 59.05 cm WIDE),none
18 in HIGH x 24 in WIDE(45.72 cm HIGH x 60.96 cm WIDE),none
38 in HIGH x 50 in WIDE(96.52 cm HIGH x 127.00 cm WIDE),none
36 in HIGH x 22.5 in WIDE(91.44 cm HIGH x 57.15 cm WIDE),none
23.13 in HIGH x 26 in WIDE(58.75 cm HIGH x 66.04 cm WIDE),none
22 in HIGH x 26 in WIDE(55.88 cm HIGH x 66.04 cm WIDE),none
26 in HIGH x 23 in WIDE(66.04 cm HIGH x 58.42 cm WIDE),none
30 in HIGH x 26 in WIDE(76.20 cm HIGH x 66.04 cm WIDE),none
39.75 in HIGH x 29 in WIDE(100.96 cm HIGH x 73.66 cm WIDE),none
10 in HIGH x 8 in WIDE(25.40 cm HIGH x 20.32 cm WIDE),none
26 in HIGH x 30 in WIDE(66.04 cm HIGH x 76.20 cm WIDE),none
15.13 in HIGH x 6.75 in WIDE(38.43 cm HIGH x 17.14 cm WIDE),none
24 in HIGH x 21.63 in WIDE(60.96 cm HIGH x 54.94 cm WIDE),none
10.25 in HIGH x 8.63 in WIDE(26.03 cm HIGH x 21.92 cm WIDE),none
12 in HIGH x 9.5 in WIDE(30.48 cm HIGH x 24.13 cm WIDE),none
26 in HIGH x 19 in WIDE(66.04 cm HIGH x 48.26 cm WIDE),none
3.87 in HIGH x 5.87 in WIDE(9.83 cm HIGH x 14.91 cm WIDE),none
5.87 in HIGH x 3.87 in WIDE(14.91 cm HIGH x 9.83 cm WIDE),none
22 in HIGH x 25 in WIDE(55.88 cm HIGH x 63.50 cm WIDE),none
30 in HIGH x 26 in WIDE(76.20 cm HIGH x 66.04 cm WIDE),none
23 in HIGH x 26 in WIDE(58.42 cm HIGH x 66.04 cm WIDE),none
23 in HIGH x 26 in WIDE(58.42 cm HIGH x 66.04 cm WIDE),none
26 in HIGH x 22 in WIDE(66.04 cm HIGH x 55.88 cm WIDE),none
29.5 in HIGH x 39.5 in WIDE(74.93 cm HIGH x 100.33 cm WIDE),none
22 in HIGH x 27 in WIDE(55.88 cm HIGH x 68.58 cm WIDE),none
26.75 in HIGH x 30.75 in WIDE(67.94 cm HIGH x 78.10 cm WIDE),none
10.25 in. HIGH x 8.5 in. WIDE,none
20.5 in. HIGH x 17.5 in. WIDE,none
26 in. HIGH x 22.5 in. WIDE,none
13 in. HIGH x 8.875 in. WIDE,none
94 in HIGH x 78 in WIDE(238.76 cm HIGH x 198.12 cm WIDE),none
20 in HIGH x 24.25 in WIDE(50.80 cm HIGH x 61.59 cm WIDE),none
28 in HIGH x 42.25 in WIDE(71.12 cm HIGH x 107.31 cm WIDE),none
10 in HIGH x 8.5 in WIDE(25.40 cm HIGH x 21.59 cm WIDE),none
10 in HIGH x 8 in WIDE(25.40 cm HIGH x 20.32 cm WIDE),none
10.25 in HIGH x 7.5 in WIDE(26.03 cm HIGH x 19.05 cm WIDE),none
10 in HIGH x 7.75 in WIDE(25.40 cm HIGH x 19.68 cm WIDE),none
10 in HIGH x 8.5 in WIDE(25.40 cm HIGH x 21.59 cm WIDE),none
10 in HIGH x 7.5 in WIDE(25.40 cm HIGH x 19.05 cm WIDE),none
24 in HIGH x 52 in WIDE(60.96 cm HIGH x 132.08 cm WIDE),none
36 in HIGH x 58 in WIDE(91.44 cm HIGH x 147.32 cm WIDE),none
60 in HIGH x 72 in WIDE(152.40 cm HIGH x 182.88 cm WIDE),none
13 in HIGH x 18 in WIDE(33.02 cm HIGH x 45.72 cm WIDE),none
18.625 in HIGH x 21.375 in WIDE(47.31 cm HIGH x 54.29 cm WIDE),none
24 in HIGH x 20 in WIDE(60.96 cm HIGH x 50.80 cm WIDE),none
34.25 in HIGH x 26.5 in WIDE(86.99 cm HIGH x 67.31 cm WIDE),none
18 in HIGH x 26 in WIDE(45.72 cm HIGH x 66.04 cm WIDE),none
22.5 in HIGH x 36.875 in WIDE(57.15 cm HIGH x 93.66 cm WIDE),none
36 in HIGH x 54 in WIDE(91.44 cm HIGH x 137.16 cm WIDE),none
30 in HIGH x 25 in WIDE(76.20 cm HIGH x 63.50 cm WIDE),none
48 in HIGH x 76.75 in WIDE(121.92 cm HIGH x 194.94 cm WIDE),none
13.5 in HIGH x 9 in WIDE(34.29 cm HIGH x 22.86 cm WIDE),none
14 in HIGH x 21 in WIDE(35.56 cm HIGH x 53.34 cm WIDE),none
12 in HIGH x 20 in WIDE(30.48 cm HIGH x 50.80 cm WIDE),none
30 in HIGH x 25 in WIDE(76.20 cm HIGH x 63.50 cm WIDE),none
36.25 in HIGH x 29 in WIDE(92.07 cm HIGH x 73.66 cm WIDE),none
27 in HIGH x 38 in WIDE(68.58 cm HIGH x 96.52 cm WIDE),none
20 in HIGH x 28 in WIDE(50.80 cm HIGH x 71.12 cm WIDE),none
14 in HIGH x 24 in WIDE(35.56 cm HIGH x 60.96 cm WIDE),none
24.25 in HIGH x 18 in WIDE(61.59 cm HIGH x 45.72 cm WIDE),none
13 in HIGH x 21 in WIDE(33.02 cm HIGH x 53.34 cm WIDE),none
32 in HIGH x 48 in WIDE(81.28 cm HIGH x 121.92 cm WIDE),none
12 in HIGH x 28.25 in WIDE(30.48 cm HIGH x 71.75 cm WIDE),none
29 in HIGH x 22 in WIDE(73.66 cm HIGH x 55.88 cm WIDE),none
24.87 in HIGH x 29.75 in WIDE(63.17 cm HIGH x 75.56 cm WIDE),none
55.5 in HIGH x 35.5 in WIDE(140.97 cm HIGH x 90.17 cm WIDE),none
16 in HIGH x 20 in WIDE(40.64 cm HIGH x 50.80 cm WIDE),none
34 in HIGH x 26.75 in WIDE(86.36 cm HIGH x 67.94 cm WIDE),none
26 in HIGH x 16 in WIDE(66.04 cm HIGH x 40.64 cm WIDE),none
11 in HIGH x 17.5 in WIDE(27.94 cm HIGH x 44.45 cm WIDE),none
55 in HIGH x 89 in WIDE(139.70 cm HIGH x 226.06 cm WIDE),none
24 in HIGH x 16 in WIDE(60.96 cm HIGH x 40.64 cm WIDE),none
40 in HIGH x 30 in WIDE(101.60 cm HIGH x 76.20 cm WIDE),none
40 in HIGH x 60 in WIDE(101.60 cm HIGH x 152.40 cm WIDE),none
54 in HIGH x 84 in WIDE(137.16 cm HIGH x 213.36 cm WIDE),none
7.87 in HIGH x 12 in WIDE(19.99 cm HIGH x 30.48 cm WIDE),none
16.5 in HIGH x 12.5 in WIDE(41.91 cm HIGH x 31.75 cm WIDE),none
30.5 in HIGH x 50 in WIDE(77.47 cm HIGH x 127.00 cm WIDE),none
34.5 in HIGH x 46.25 in WIDE(87.63 cm HIGH x 117.47 cm WIDE),none
40 in HIGH x 30 in WIDE(101.60 cm HIGH x 76.20 cm WIDE),none
44 in HIGH x 32 in WIDE(111.76 cm HIGH x 81.28 cm WIDE),none
20 in HIGH x 30 in WIDE(50.80 cm HIGH x 76.20 cm WIDE),none
36 in HIGH x 66 in WIDE(91.44 cm HIGH x 167.64 cm WIDE),none
35 in HIGH x 43 in WIDE(88.90 cm HIGH x 109.22 cm WIDE),none
24 in HIGH x 16 in WIDE(60.96 cm HIGH x 40.64 cm WIDE),none
33 in HIGH x 33 in WIDE(83.82 cm HIGH x 83.82 cm WIDE),none
62 in HIGH x 132.75 in WIDE(157.48 cm HIGH x 337.18 cm WIDE),none
24 in HIGH x 16 in WIDE(60.96 cm HIGH x 40.64 cm WIDE),none
30 in HIGH x 36 in WIDE(76.20 cm HIGH x 91.44 cm WIDE),none
48.25 in HIGH x 24 in WIDE(122.55 cm HIGH x 60.96 cm WIDE),none
53 in HIGH x 35 in WIDE(134.62 cm HIGH x 88.90 cm WIDE),none
18 in HIGH x 12.63 in WIDE(45.72 cm HIGH x 32.08 cm WIDE),none
36 in HIGH x 24 in WIDE(91.44 cm HIGH x 60.96 cm WIDE),none
14 in HIGH x 22 in WIDE(35.56 cm HIGH x 55.88 cm WIDE),none
19.25 in HIGH x 10.25 in WIDE(48.89 cm HIGH x 26.03 cm WIDE),none
60 in HIGH x 48 in WIDE(152.40 cm HIGH x 121.92 cm WIDE),none
10.25 in HIGH x 8.25 in WIDE(26.03 cm HIGH x 20.95 cm WIDE),none
10.25 in HIGH x 8.63 in WIDE(26.03 cm HIGH x 21.92 cm WIDE),none
28 in HIGH x 23.5 in WIDE(71.12 cm HIGH x 59.69 cm WIDE),none
3.87 in. HIGH x 5.87 in. WIDE,none
3.87 in. HIGH x 5.87 in. WIDE,none
17 in HIGH x 12 in WIDE(43.18 cm HIGH x 30.48 cm WIDE),none
10.25 in HIGH x 9.5 in WIDE(26.03 cm HIGH x 24.13 cm WIDE),none
30 in HIGH x 47 in WIDE(76.20 cm HIGH x 119.38 cm WIDE),none
42.25 in HIGH x 36.5 in WIDE(107.31 cm HIGH x 92.71 cm WIDE),none
16 in HIGH x 13 in WIDE(40.64 cm HIGH x 33.02 cm WIDE),none
48 in HIGH x 52 in WIDE(121.92 cm HIGH x 132.08 cm WIDE),none
19 in HIGH x 14 in WIDE(48.26 cm HIGH x 35.56 cm WIDE),none
22.5 in HIGH x 17 in WIDE(57.15 cm HIGH x 43.18 cm WIDE),none
72.25 in HIGH x 64 in WIDE(183.51 cm HIGH x 162.56 cm WIDE),none
14.375 in HIGH x 19.25 in WIDE(36.51 cm HIGH x 48.89 cm WIDE),none
72.25 in HIGH x 64 in WIDE(183.51 cm HIGH x 162.56 cm WIDE),none
47.5 in. HIGH x 38 in. WIDE,none
8.5 in HIGH x 11.25 in WIDE(21.59 cm HIGH x 28.57 cm WIDE),none
3.375 in HIGH x 2.875 in WIDE(8.57 cm HIGH x 7.30 cm WIDE),none
10.125 in HIGH x 6 in WIDE(25.72 cm HIGH x 15.24 cm WIDE),none
26.25 in HIGH x 36 in WIDE(66.67 cm HIGH x 91.44 cm WIDE),none
30 in HIGH x 25.325 in WIDE(76.20 cm HIGH x 64.33 cm WIDE),none
29.5 in HIGH x 24.5 in WIDE(74.93 cm HIGH x 62.23 cm WIDE),none
26 in. HIGH x 23 in. WIDE,none
15 in HIGH x 20 in WIDE(38.10 cm HIGH x 50.80 cm WIDE),none
11.5 in HIGH x 14.5 in WIDE(29.21 cm HIGH x 36.83 cm WIDE),none
14.13 in HIGH x 11 in WIDE(35.89 cm HIGH x 27.94 cm WIDE),none
30 in HIGH x 40 in WIDE(76.20 cm HIGH x 101.60 cm WIDE),none
30 in HIGH x 40 in WIDE(76.20 cm HIGH x 101.60 cm WIDE),none
3.87 in HIGH x 5.87 in WIDE(9.83 cm HIGH x 14.91 cm WIDE),none
5.87 in HIGH x 3.87 in WIDE(14.91 cm HIGH x 9.83 cm WIDE),none
3.87 in HIGH x 5.87 in WIDE(9.83 cm HIGH x 14.91 cm WIDE),none
5.87 in HIGH x 3.87 in WIDE(14.91 cm HIGH x 9.83 cm WIDE),none
38.5 in HIGH x 50.75 in WIDE(97.79 cm HIGH x 128.90 cm WIDE),none
24 in HIGH x 29.25 in WIDE(60.96 cm HIGH x 74.29 cm WIDE),none
30 in HIGH x 40 in WIDE(76.20 cm HIGH x 101.60 cm WIDE),none
21.375 in HIGH x 8.75 in WIDE(54.29 cm HIGH x 22.22 cm WIDE),none
38 in HIGH x 50 in WIDE(96.52 cm HIGH x 127.00 cm WIDE),none
30 in HIGH x 36 in WIDE(76.20 cm HIGH x 91.44 cm WIDE),none
19 in HIGH x 14.5 in WIDE(48.26 cm HIGH x 36.83 cm WIDE),none
20 in HIGH x 16 in WIDE(50.80 cm HIGH x 40.64 cm WIDE),none
12 in HIGH x 16.25 in WIDE(30.48 cm HIGH x 41.27 cm WIDE),none
7.25 in HIGH x 9.375 in WIDE(18.41 cm HIGH x 23.81 cm WIDE),none
19.25 in HIGH x 16.25 in WIDE(48.89 cm HIGH x 41.27 cm WIDE),none
