"Annica Ackerman","none"
"Lorne Balfe","none"
"Chris Barrett","none"
"Becky Bentham","none"
"Simon Changer","none"
"Al Clay","none"
"Brad Dechter","none"
"Ramin Djawadi","none"
"Geoff Foster","none"
"Bruce Fowler","none"
"Gavin Greenaway","none"
"James Newton Howard","none"
"James Newton Howard","none"
"James Newton Howard","none"
"Joerg Huettner","none"
"Thomas Jesty","none"
"Gary Kettel","none"
"Alastair King","none"
"Tristan Lillingston","none"
"Bruce Maddocks","none"
"Abhay Manusmare","none"
"Lisa Margolis","none"
"Aaron Martin","none"
"Steve Price","none"
"Frank Ricotti","none"
"Richard Robson","none"
"Debi Streeter","none"
"Martin Tillman","none"
"Mel Wesson","none"
"Mark Wherry","none"
"Ian Wood","none"
"Gavyn Wright","none"
"Andrew Zack","none"
"Keith Zajic","none"
"Hans Zimmer","none"
"Hans Zimmer","none"
"Hans Zimmer","none"
"Ryeland Allison","none"
"Jeff Atmajian","none"
"Chris P. Bacon","none"
"Lorne Balfe","none"
"Lorne Balfe","none"
"Chris Barrett","none"
"Becky Bentham","none"
"Jeff Biggers","none"
"Jeff ""Bucko"" Biggers","Bucko"
"Thomas Broderick","none"
"Simon Chamberlain","none"
"Marc Cimino","none"
"Paul Clarivs","none"
"Peter Davies","none"
"Brad Dechter","none"
"Matt Dunkley","none"
"Elizabeth Finch","none"
"Geoff Foster","none"
"Bruce Fowler","none"
"Bruce Fowler","none"
"Walt Fowler","none"
"Doug Frank","none"
"Alex Gibson","none"
"Alex Gibson","none"
"Steven R. Gilmore","none"
"Steven R. Gilmore","none"
"Mark Graham","none"
"Gavin Greenaway","none"
"Isobel Griffiths","none"
"James Newton Howard","none"
"James Newton Howard","none"
"James Newton Howard","none"
"James Newton Howard","none"
"Henry Jackman","none"
"Kevin Kaska","none"
"Randy Kerber","none"
"Gary Kettel","none"
"Steven Kofsky","none"
"Peter Lale","none"
"Gary LeMel","none"
"Michael Levine","none"
"Katja Lewin","none"
"Lisa Margolis","none"
"Charlotte Matthew","none"
"Alan Meyerson","none"
"Suzette Moriarty","none"
"Maurice Murphy","none"
"Christopher Nolan","none"
"Heitor Teixeira Pereira","none"
"Dan Pinder","none"
"Anthony Pleeth","none"
"Satnam Ramgotra","none"
"Frank Ricotti","none"
"Ryan Rubin","none"
"Czarina Russell","none"
"Howard Scarr","none"
"Mary Scully","none"
"Jacob Shea","none"
"Owen Slade","none"
"Pamela J. Sollie","none"
"Noah Sorota","none"
"Debi Streeter","none"
"Louie Teran","none"
"Martin Tillman","none"
"Greg Vines","none"
"Rosemary Warren Green","none"
"Rose Warren-Green","none"
"Richard Watkins","none"
"Mel Wesson","none"
"Andrew Zack","none"
"Keith Zajic","none"
"Hans Zimmer","none"
"Hans Zimmer","none"
"Hans Zimmer","none"
"Hans Zimmer","none"
"Hans Zimmer","none"
"Laurence Anslow","none"
"Lorne Balfe","none"
"Paul Broucek","none"
"Claudius BrÃ¼se","none"
"Ann Marie Calhoun","none"
"Lori Castro","none"
"Chuck Choi","none"
"Paul Clavis","none"
"Ramin Djawadi","none"
"Matt Dunkley","none"
"Richard Edwards","none"
"Sam Estes","none"
"Tom Farnon","none"
"Elizabeth Finch","none"
"Geoff Foster","none"
"Bruce Fowler","none"
"Walt Fowler","none"
"Alex Gibson","none"
"Alex Gibson","none"
"Rick Giovinazzo","none"
"Gavin Greenaway","none"
"Isobel Griffiths","none"
"Michael Hobe","none"
"Tom Holkenborg","none"
"Thomas Jesty","none"
"Kevin Kaska","none"
"Andrew Kawczynski","none"
"Gary Kettel","none"
"Andrew Kinney","none"
"Jasha Klebe","none"
"Steven Kofsky","none"
"Daniel Kresco","none"
"Peter Lale","none"
"Jason Linn","none"
"Stephen Lipson","none"
"Stephen Lipson","none"
"Lisa Margolis","none"
"Charlotte Matthews","none"
"Steve Mazzaro","none"
"Alan Meyerson","none"
"Adam Miller","none"
"Perry Montague-Mason","none"
"Yvonne S. Moriarty","none"
"Ed Neumeister","none"
"Satoshi Noguchi","none"
"Christopher Nolan","none"
"Christopher Nolan","none"
"Anthony Pleeth","none"
"John Prestage","none"
"Frank Ricotti","none"
"Ryan Rubin","none"
"Czarina Russell","none"
"Carl Rydlund","none"
"Howard Scarr","none"
"Mary Scully","none"
"C.J. Sing","none"
"Owen Slade","none"
"Sandeep Sriram","none"
"Geoff Stradling","none"
"Jill Streater","none"
"Pat Sullivan","none"
"Martin Tillman","none"
"Richard Watkins","none"
"Christian Wenger","none"
"Mel Wesson","none"
"Mark Wherry","none"
"Booker White","none"
"Andrew Zack","none"
"Hans Zimmer","none"
"Hans Zimmer","none"
"Hans Zimmer","none"
"Hans Zimmer","none"
"Hans Zimmer","none"
"Hans Zimmer","none"
"Bob Badami","none"
"Lorne Balfe","none"
"Lorne Balfe","none"
"Chris Barrett","none"
"Dudley Bright","none"
"Thomas Broderick","none"
"Nicholas Bucknall","none"
"Ann Marie Calhoun","none"
"Nick Delaplane","none"
"Geoff Foster","none"
"Geoff Foster","none"
"Bruce Fowler","none"
"Walt Fowler","none"
"Doug Frank","none"
"Gavin Greenaway","none"
"Isobel Griffiths","none"
"Tina Guo","none"
"Dirk Hebert","none"
"Aleksey Igudesman","none"
"Davey Johnstone","none"
"Kevin Kaska","none"
"Andrew Kawczynski","none"
"Steven Kofsky","none"
"Peter Lale","none"
"Katia Lewin","none"
"Jason Linn","none"
"Eliza Marshall","none"
"Charlotte Matthews","none"
"Adam Miller","none"
"Perry Montague-Mason","none"
"Suzette Moriarty","none"
"Maurice Murphy","none"
"Anthony Pleeth","none"
"Guy Ritchie","none"
"Noah Sarota","none"
"Mary Scully","none"
"Jacob Shea","none"
"Richard Skinner","none"
"Owen Slade","none"
"Peter Oso Snell","none"
"Peter Oso Snell","none"
"Sandeep Sriram","none"
"Dave Stewart","none"
"Diego Stocco","none"
"Patricia Sullivan","none"
"David Theodore","none"
"Unspecified","none"
"Richard Watkins","none"
"Mark Wherry","none"
"Andrew Zack","none"
"Keith Zajic","none"
"Hans Zimmer","none"
"Hans Zimmer","none"
"Hans Zimmer","none"
"Hans Zimmer","none"
"Ryeland Allison","none"
"Peter Asher","none"
"Bob Badami","none"
"Bob Bernstein","none"
"Curt Bisquera","none"
"Jason Bonham","none"
"Paul Broucek","none"
"Belinda Broughton","none"
"Claudius BrÃ¼se","none"
"Ann Marie Calhoun","none"
"Danny Carey","none"
"Matt Chamberlain","none"
"John Chapman","none"
"Chuck Choi","none"
"Vinnie Colaiuta","none"
"George Doering","none"
"Bernie Dresel","none"
"Skip Edwards","none"
"Bruce Fowler","none"
"Walley Fowler","none"
"Josh Freese","none"
"Peter Frieberger","none"
"Ross Garfield","none"
"Nick Glennie-Smith","none"
"Tauress Habib","none"
"Tom Hardisty","none"
"Darren Higman","none"
"Junkie XL","none"
"Junkie XL","none"
"Junkie XL","none"
"Kevin Kaska","none"
"Andrew Kawczynski","none"
"Jim Keltner","none"
"Steven Kofsky","none"
"Daniel Kresco","none"
"Nathaniel Kunkel","none"
"Tim Lauber","none"
"Trevor Lawrence Jr.","none"
"Jason Linn","none"
"Stephen Lipson","none"
"Stephen Lipson","none"
"J.D. Maness","none"
"Lisa Margolis","none"
"Eric Matthies","none"
"Steve Mazzaro","none"
"John McClung","none"
"Alan Meyerson","none"
"Alan Meyerson","none"
"Yvonne S. Moriarty","none"
"Melissa Muik","none"
"Peter Nelson","none"
"Christopher Nolan","none"
"Eric Norris","none"
"Jamie Olvera","none"
"Michael Osment","none"
"Hilda Ã–varsdÃ³ttir","none"
"Atli Ã–varsson","none"
"Atli Ã–varsson","none"
"Atli Ã–varsson","none"
"Toss Panos","none"
"Dan Pinder","none"
"Satnam Ramgotra","none"
"Marty Rifkin","none"
"Ben Robinson","none"
"John Jr. Robinson","none"
"Ryan Robinson","none"
"Stacey Robinson","none"
"Jessica Rotter","none"
"Peter Rotter","none"
"Charles Roven","none"
"Czarina Russell","none"
"Czarina Russell","none"
"Carl Rydlund","none"
"Howard Scarr","none"
"Rick Schmidt","none"
"Nevin Seus","none"
"Sheila E.","none"
"Christine Sirois","none"
"Lee Sklar","none"
"Chas Smith","none"
"Chas Smith","none"
"Deborah Snyder","none"
"Zack Snyder","none"
"Sandeep Sriram","none"
"Sandeep Sriram","none"
"Denis St. Amand","none"
"Tom Steel","none"
"The Stradivarius","none"
"Emma Thomas","none"
"Martin Tillman","none"
"Yvonne Tran-Macdonald","none"
"Raul Vega","none"
"Tommy Vicari","none"
"Christian Wenger","none"
"Mel Wesson","none"
"Richard Wheeler Jr.","none"
"Brian Wherry","none"
"Mark Wherry","none"
"Booker White","none"
"Pharrell Williams","none"
"Megan Wintory","none"
"Hans Zimmer","none"
"Hans Zimmer","none"
"Hans Zimmer","none"
"Hans Zimmer","none"
"Hans Zimmer","none"
"Hans Zimmer","none"
"ZoÃ« Zimmerman","none"
"Paul Altomari","none"
"Julie Andrews","none"
"Tom Arndt","none"
"Bob Badami","none"
"Lorne Balfe","none"
"Chris Barrett","none"
"Pat Barry","none"
"Becky Bentham","none"
"Thomas Bowes","none"
"Tom Bowes","none"
"Thomas Broderick","none"
"Nicholas Bucknail","none"
"Nicholas Bucknall","none"
"John Calley","none"
"Simon Changer","none"
"Paul Clarvis","none"
"Al Clay","none"
"Big Al Clay","none"
"Delores Clay","none"
"Leif Covington","none"
"Frank Famularo","none"
"Geoff Foster","none"
"Fretwork","none"
"Meredith Friedman","none"
"Nick Glennie-Smith","none"
"Nick Glennie-Smith","none"
"Brian Grazer","none"
"Isobel Griffiths","none"
"Richard Harvey","none"
"Richard Harvey","none"
"Bart Hendrickson","none"
"Ron Howard","none"
"Ron Howard","none"
"Henry Jackman","none"
"Jake Jackson","none"
"Skaila Kanga","none"
"Gary Kettel","none"
"Robert King","none"
"Steven Kofsky","none"
"Peter Lale","none"
"Abhay Manusmare","none"
"Hugh Marsh","none"
"Alan Meyerson","none"
"Evelyn Morgan","none"
"Evelyn de Morgan","none"
"David Novik","none"
"Jenny O'Grady","none"
"Dan Pinder","none"
"Anthony Pleeth","none"
"Hila Plitmann","none"
"Graham Preskett","none"
"Graham Preskett","none"
"Michael Price","none"
"Frank Ricotti","none"
"Mary Scully","none"
"Jonathan Snowden","none"
"Tony Stanton","none"
"Louie Teran","none"
"David Theodore","none"
"Martin Tillman","none"
"Lia Vollack","none"
"Richard Watkins","none"
"Mel Wesson","none"
"Gavyn Wright","none"
"Andrew Zack","none"
"Hans Zimmer","none"
"Hans Zimmer","none"
"Hans Zimmer","none"
"Hans Zimmer","none"
"Hans Zimmer","none"
"Lorne Balfe","none"
"Chris Barrett","none"
"Paul Broucek","none"
"Charles Dumont","none"
"Matt Dunkley","none"
"Richard Edwards","none"
"Elizabeth Finch","none"
"Bruce Fowler","none"
"Walt Fowler","none"
"Alex Gibson","none"
"Rick Giovinazzo","none"
"Gavin Greenaway","none"
"Isobel Griffiths","none"
"Mike Higham","none"
"Darren Higman","none"
"Mark Holley","none"
"Mark Holley","none"
"Kevin Kaska","none"
"Peter Lale","none"
"Jason Linn","none"
"Lisa Margolis","none"
"Johnny Marr","none"
"Perry Montague-Mason","none"
"Suzette Moriarty","none"
"Allison Moseley","none"
"Ed Neumeister","none"
"Christopher Nolan","none"
"Ã‰dith Piaf","none"
"Anthony Pleeth","none"
"Jamie Roberts","none"
"Ryan Rubin","none"
"Czarina Russell","none"
"Carl Rydlund","none"
"Howard Scarr","none"
"Mary Scully","none"
"Shalini Singh","none"
"Owen Slade","none"
"Peter Oso Snell","none"
"Dave Stewart","none"
"Jill Streeter","none"
"Pat Sullivan","none"
"Michel Vaucaire","none"
"Stephen Vaughan","none"
"Richard Watkins","none"
"Booker White","none"
"Andrew Zack","none"
"Hans Zimmer","none"
"Hans Zimmer","none"
"Hans Zimmer","none"
"Hans Zimmer","none"
"Emio Zizza","none"
"Salmm ""Scallywag"" Andrew","Scallywag"
"Salmm ""Scallywag"" Andrew","Scallywag"
"Slamm Andrews","none"
"Slamm Andrews","none"
"Bob Badami","none"
"Bob Badami","none"
"Klaus Badelt","none"
"Klaus Badelt","none"
"Klaus Badelt","none"
"Chris Barrett","none"
"Jeff Biggers","none"
"Jeff ""Bucko"" Biggers","Bucko"
"Christopher Brooks","none"
"Christopher S. Brooks","none"
"Jerry Bruckheimer","none"
"Allison Wright Clark","none"
"Allison Wright ""The Interceptor"" Clark","The Interceptor"
"Sandy De Crescent","none"
"Sandy De Crescent","none"
"Ramin Djawadi","none"
"Seth Dockstader","none"
"James Dooley","none"
"Jim Dooley","none"
"Robert Elhai","none"
"Elizabeth Finch","none"
"Geoff Foster","none"
"Bruce Fowler","none"
"Bruce Fowler","none"
"Walt Fowler","none"
"Marc Gebauer","none"
"Nick Glennie-Smith","none"
"Isobel Griffiths","none"
"Bart ""The Original Black Bart"" Henderson","The Original Black Bart"
"Bart Hendrickson","none"
"Hollywood Studio Symphony","none"
"Nick Ingman","none"
"Steve Jablonsky","none"
"Jake Jackson","none"
"Kenneth Karman","none"
"Ken Karmen","none"
"Danny Kuramoto","none"
"Glen Lajeski","none"
"Tim Lauber","none"
"Mitchell Leib","none"
"Bill Liston","none"
"Mal Luker","none"
"Malcolm Luker","none"
"Bettina Lynch","none"
"Bruce Maddocks","none"
"Dave Marquette","none"
"Ladd McIntosh","none"
"Alan Meyerson","none"
"Alan Meyerson","none"
"Suzette Moriarty","none"
"Melissa Muik","none"
"Melissa ""Tortuga Wench"" Muik","Tortuga Wench"
"Moanike'ala Nakamoto","none"
"Moanikeala Nakamoto","none"
"Blake Neely","none"
"Blake Neely","none"
"Jenny O'Grady","none"
"Heitor Teixeira Pereira","none"
"Dan Pinder","none"
"Conrad Pope","none"
"Emil Richards","none"
"Stacey Robinson","none"
"John Rodd","none"
"Fred Selden","none"
"Jay Selvester","none"
"Gregg Silk","none"
"Gregg W. Silk","none"
"Kristen Smith","none"
"Tom Steel","none"
"Steve Sterling","none"
"Jeanette Surga","none"
"Jeannette Surga","none"
"Bill Talbott","none"
"Damon Tedesco","none"
"Martin Tillman","none"
"Tom Vedvik","none"
"Brad Warnaar","none"
"Rick Wentworth","none"
"Mel Wesson","none"
"Mark Wherry","none"
"Booker White","none"
"Rob Williams","none"
"Nick Wollage","none"
"Geoff Zanelli","none"
"Monica Zierhut","none"
"Hans Zimmer","none"
"Hans Zimmer","none"
"Hans Zimmer","none"
"Slamm Andrews","none"
"Pete Anthony","none"
"Bob Badami","none"
"Bob Badami","none"
"Bob Badami","none"
"Klaus Badelt","none"
"Lorne Balfe","none"
"Jeff Biggers","none"
"Jeff ""Bucko"" Biggers","Bucko"
"Thomas Broderick","none"
"Jerry Bruckheimer","none"
"Al Clay","none"
"Big Al Clay","none"
"Delores Clay","none"
"Bryan Clements","none"
"DesirÃ©e Craig-Ramos","none"
"Sandy De Crescent","none"
"Mark Eshelman","none"
"Geoff Foster","none"
"Bruce Fowler","none"
"Marc Gebauer","none"
"Steve Gerdes","none"
"Tom Gire","none"
"Nick Glennie-Smith","none"
"Katie Greathouse","none"
"Isobel Griffiths","none"
"Tom Hardisty","none"
"Henry Jackman","none"
"Alastair King","none"
"Steven Kofsky","none"
"Glen Lajeski","none"
"Mitchell Leib","none"
"Greg Loskorn","none"
"Larry Mah","none"
"Alan Meyerson","none"
"Alan Meyerson","none"
"Adam Michalak","none"
"Trevor Morris","none"
"Melissa Muik","none"
"Melissa ""Tortuga Wench"" Muik","Tortuga Wench"
"Jenny O'Grady","none"
"Julie Pearce","none"
"Peter Rotter","none"
"Czarina Russell","none"
"Jay Selvester","none"
"Peter Oso Snell","none"
"John Sponsler","none"
"Steve Sterling","none"
"Louie Teran","none"
"Martin Tillman","none"
"Gore Verbinski","none"
"Greg Vines","none"
"Matt Ward","none"
"Mel Wesson","none"
"Booker White","none"
"Andrew Zack","none"
"Geoff Zanelli","none"
"Monica Zierhut","none"
"Hans Zimmer","none"
"Hans Zimmer","none"
"Hans Zimmer","none"
"Hans Zimmer","none"
"Nico Abondolo","none"
"Geoffrey Alch","none"
"Chris Allport","none"
"Slamm Andrews","none"
"Phil Ayling","none"
"Bob Badami","none"
"Bob Badami","none"
"Lorne Balfe","none"
"Chris Barrett","none"
"Steve Bartek","none"
"Samela Beasom","none"
"Brendyn Bell","none"
"Jeff Biggers","none"
"Jeff ""Bucko"" Biggers","Bucko"
"Chris Bleth","none"
"Thomas Broderick","none"
"Jerry Bruckheimer","none"
"Alison Burton","none"
"Al Clay","none"
"Al Clay","none"
"Big Al Clay","none"
"Big Al Clay","none"
"Delores Clay","none"
"Bryan Clementes","none"
"Bryan Clements","none"
"Lawrence Cummings","none"
"Sandy De Crescent","none"
"Brian Dembow","none"
"Andrew Dudman","none"
"Matthew Dunkel","none"
"Ted Elliott","none"
"Stephen Erdody","none"
"Mark Eshelman","none"
"Pedro Eustache","none"
"Elizabeth Finch","none"
"Geoff Foster","none"
"Bruce Fowler","none"
"Walt Fowler","none"
"Steve Gerdes","none"
"Julie Gigante","none"
"Lorne Gire","none"
"Nick Glennie-Smith","none"
"Nick Glennie-Smith","none"
"Kevin Globerman","none"
"Dominic Gonzales","none"
"Dominic Gonzalez","none"
"Endre Granat","none"
"Katie Greathouse","none"
"Isobel Griffiths","none"
"Karen Han","none"
"Karen Hua-Qi Han","none"
"Tom Hardisty","none"
"Lili Haydn","none"
"Scott Holtzman","none"
"Scott Holtzman","none"
"Robert Hovencamp","none"
"Henry Jackman","none"
"Jessica Elisabeth","none"
"Jessica-Elisabeth","none"
"Sam Jones","none"
"Sam ""Stovepipe No. 1"" Jones","Stovepipe No. 1"
"James Kanter","none"
"Steven Kofsky","none"
"Sylvia Krask","none"
"Sylvia Krask","none"
"Ken Kugler","none"
"Glen Lajeski","none"
"Tim Lauber","none"
"Mitchell Leib","none"
"Michael Levine","none"
"Michael Levine","none"
"Charles Loper","none"
"Frank Marocco","none"
"Barbara McDermott","none"
"Metro Voices","none"
"Alan Meyerson","none"
"Alan Meyerson","none"
"Adam Michalak","none"
"Suzette Moriarty","none"
"Melissa Muik","none"
"Melissa Muik","none"
"Melissa ""Tortuga Wench"" Muik","Tortuga Wench"
"Melissa ""Tortuga Wench"" Muik","Tortuga Wench"
"Blake Neely","none"
"Michael O'Donovan","none"
"Jenny O'Grady","none"
"Atli Ã–rvarsson","none"
"Heitor Teixeira Pereira","none"
"Francesco Perlangeli","none"
"Simon Phillips","none"
"Nyree Pinder","none"
"Hila Plitmann","none"
"Tom Raney","none"
"Tomas Raney","none"
"Jim Raycroft","none"
"Terry Rossio","none"
"Geri Rotella","none"
"Peter Rotter","none"
"Czarina Russell","none"
"Jay Selvester","none"
"Jacob Shea","none"
"Peter Oso Snell","none"
"John Sponsler","none"
"Denis St. Amand","none"
"Tom Steel","none"
"Jill Streater","none"
"Pat Sullivan","none"
"Patricia Sullivan","none"
"Chelley Sydow","none"
"Bobby Tahouri","none"
"Sean Tejaratchi","none"
"James Thatcher","none"
"Martin Tillman","none"
"Doug Tornquist","none"
"Gore Verbinski","none"
"Gore Verbinski","none"
"Greg Vines","none"
"Jim Walker","none"
"Matt Ward","none"
"Matt Ward","none"
"Ned Wertimer","none"
"Mark Wherry","none"
"Mark Wherry","none"
"Andrew Zack","none"
"Geoff Zanelli","none"
"Monica Zierhut","none"
"Hans Zimmer","none"
"Hans Zimmer","none"
"Hans Zimmer","none"
"Dan Zimmerman","none"
"Daniel Zimmerman","none"
