"Rep. Erik Paulsen [R-MN3]","none"
"Sen. Amy Klobuchar [D-MN]","none"
"Rep. Michele Bachmann [R-MN6]","none"
"Rep. Keith Ellison [D-MN5]","none"
"Rep. Timothy Walz [D-MN1]","none"
"Rep. Richard Nolan [D-MN8]","none"
"Rep. Collin Peterson [D-MN7]","none"
"Rep. Betty McCollum [D-MN4]","none"
"Rep. John Kline [R-MN2]","none"
"Sen. Roy Blunt [R-MO]","none"
"Rep. Ann Wagner [R-MO2]","none"
"Rep. Billy Long [R-MO7]","none"
"Rep. Vicky Hartzler [R-MO4]","none"
"Rep. Blaine Luetkemeyer [R-MO3]","none"
"Sen. Claire McCaskill [D-MO]","none"
"Rep. Emanuel Cleaver [D-MO5]","none"
"Rep. Sam Graves [R-MO6]","none"
"Rep. Lacy Clay [D-MO1]","none"
"Rep. Jason Smith [R-MO8]","none"
"Del. Gregorio Sablan [D-MP0]","none"
"Sen. Thad Cochran [R-MS]","none"
"Sen. Roger Wicker [R-MS]","none"
"Rep. Steven Palazzo [R-MS4]","none"
"Rep. Alan Nunnelee [R-MS1]","none"
"Rep. Gregg Harper [R-MS3]","none"
"Rep. Bennie Thompson [D-MS2]","none"
"Sen. Max Baucus [D-MT]","none"
"Rep. Steve Daines [R-MT0]","none"
"Sen. Jon Tester [D-MT]","none"
"Sen. Richard Burr [R-NC]","none"
"Sen. Kay Hagan [D-NC]","none"
"Rep. George Holding [R-NC13]","none"
"Rep. Mark Meadows [R-NC11]","none"
"Rep. Robert Pittenger [R-NC9]","none"
"Rep. Richard Hudson [R-NC8]","none"
"Rep. Renee Ellmers [R-NC2]","none"
"Rep. Patrick McHenry [R-NC10]","none"
"Rep. Virginia Foxx [R-NC5]","none"
"Rep. David Price [D-NC4]","none"
"Rep. Mike McIntyre [D-NC7]","none"
"Rep. Walter Jones [R-NC3]","none"
"Rep. Howard Coble [R-NC6]","none"
"Sen. John Hoeven [R-ND]","none"
"Rep. Kevin Cramer [R-ND0]","none"
"Sen. Heidi Heitkamp [D-ND]","none"
"Sen. Mike Johanns [R-NE]","none"
"Sen. Deb Fischer [R-NE]","none"
"Rep. Adrian Smith [R-NE3]","none"
"Rep. Jeff Fortenberry [R-NE1]","none"
"Rep. Lee Terry [R-NE2]","none"
"Sen. Jeanne Shaheen [D-NH]","none"
"Sen. Kelly Ayotte [R-NH]","none"
"Rep. Ann Kuster [D-NH2]","none"
"Rep. Carol Shea-Porter [D-NH1]","none"
"Rep. Donald Payne [D-NJ10]","none"
"Rep. Jon Runyan [R-NJ3]","none"
"Rep. Leonard Lance [R-NJ7]","none"
"Sen. Kirsten Gillibrand [D-NY]","none"
"Rep. Yvette Clarke [D-NY9]","none"
"Rep. Brian Higgins [D-NY26]","none"
"Rep. Nydia Velazquez [D-NY7]","none"
"Rep. Louise Slaughter [D-NY25]","none"
"Rep. Jose Serrano [D-NY15]","none"
"Rep. Charles Rangel [D-NY13]","none"
"Rep. Jerrold Nadler [D-NY10]","none"
"Sen. Lisa Murkowski [R-AK]","none"
"Sen. Mark Begich [D-AK]","none"
"Rep. Don Young [R-AK0]","none"
"Sen. Richard Shelby [R-AL]","none"
"Rep. Terri Sewell [D-AL7]","none"
"Rep. Mo Brooks [R-AL5]","none"
"Rep. Martha Roby [R-AL2]","none"
"Rep. Mike Rogers [R-AL3]","none"
"Rep. Spencer Bachus [R-AL6]","none"
"Rep. Robert Aderholt [R-AL4]","none"
"Sen. John Boozman [R-AR]","none"
"Sen. Mark Pryor [D-AR]","none"
"Rep. Tom Cotton [R-AR4]","none"
"Rep. Steve Womack [R-AR3]","none"
"Rep. Tim Griffin [R-AR2]","none"
"Del. Eni Faleomavaega [D-AS0]","none"
"Sen. John McCain [R-AZ]","none"
"Rep. Mike Thompson [D-CA5]","none"
"Rep. Brad Sherman [D-CA30]","none"
"Rep. Adam Schiff [D-CA28]","none"
"Rep. Loretta Sanchez [D-CA46]","none"
"Rep. Linda Sanchez [D-CA38]","none"
"Rep. Lucille Roybal-Allard [D-CA40]","none"
"Rep. Dana Rohrabacher [R-CA48]","none"
"Rep. Nancy Pelosi [D-CA12]","none"
"Rep. Devin Nunes [R-CA22]","none"
"Rep. Grace Napolitano [D-CA32]","none"
"Rep. George Miller [D-CA11]","none"
"Rep. Gary Miller [R-CA31]","none"
"Rep. Zoe Lofgren [D-CA19]","none"
"Rep. Barbara Lee [D-CA13]","none"
"Rep. Darrell Issa [R-CA49]","none"
"Sen. Christopher Murphy [D-CT]","none"
"Rep. Joe Courtney [D-CT2]","none"
"Rep. John Larson [D-CT1]","none"
"Rep. Rosa DeLauro [D-CT3]","none"
"Del. Eleanor Norton [D-DC0]","none"
"Sen. Chris Coons [D-DE]","none"
"Rep. John Carney [D-DE0]","none"
"Sen. Thomas Carper [D-DE]","none"
"Sen. Marco Rubio [R-FL]","none"
"Rep. Joe Garcia [D-FL26]","none"
"Rep. Lois Frankel [D-FL22]","none"
"Rep. Trey Radel [R-FL19]","none"
"Rep. Patrick Murphy [D-FL18]","none"
"Rep. Ron DeSantis [R-FL6]","none"
"Rep. Ted Yoho [R-FL3]","none"
"Rep. Frederica Wilson [D-FL24]","none"
"Rep. Dennis Ross [R-FL15]","none"
"Rep. Daniel Webster [R-FL10]","none"
"Rep. Richard Nugent [R-FL11]","none"
"Rep. Steve Southerland [R-FL2]","none"
"Rep. Theodore Deutch [D-FL21]","none"
"Rep. Thomas Rooney [R-FL17]","none"
"Rep. Bill Posey [R-FL8]","none"
"Rep. John Barrow [D-GA12]","none"
"Rep. Lynn Westmoreland [R-GA3]","none"
"Rep. Tom Price [R-GA6]","none"
"Rep. David Scott [D-GA13]","none"
"Rep. John Lewis [D-GA5]","none"
"Rep. Jack Kingston [R-GA1]","none"
"Rep. Phil Gingrey [R-GA11]","none"
"Rep. Sanford Bishop [D-GA2]","none"
"Del. Madeleine Bordallo [D-GU0]","none"
"Sen. Brian Schatz [D-HI]","none"
"Rep. Tulsi Gabbard [D-HI2]","none"
"Rep. Colleen Hanabusa [D-HI1]","none"
"Sen. Mazie Hirono [D-HI]","none"
"Rep. David Loebsack [D-IA2]","none"
"Rep. Bruce Braley [D-IA1]","none"
"Rep. Tom Latham [R-IA3]","none"
"Rep. Steve King [R-IA4]","none"
"Sen. Michael Crapo [R-ID]","none"
"Sen. James Risch [R-ID]","none"
"Rep. Raul Labrador [R-ID1]","none"
"Sen. Mark Kirk [R-IL]","none"
"Sen. Richard Durbin [D-IL]","none"
"Rep. Cheri Bustos [D-IL17]","none"
"Rep. Rodney Davis [R-IL13]","none"
"Rep. William Enyart [D-IL12]","none"
"Rep. Bradley Schneider [D-IL10]","none"
"Rep. Tammy Duckworth [D-IL8]","none"
"Rep. Randy Hultgren [R-IL14]","none"
"Rep. Adam Kinzinger [R-IL16]","none"
"Rep. Mike Quigley [D-IL5]","none"
"Rep. Aaron Schock [R-IL18]","none"
"Rep. Bill Foster [D-IL11]","none"
"Rep. Peter Roskam [R-IL6]","none"
"Rep. Daniel Lipinski [D-IL3]","none"
"Rep. John Shimkus [R-IL15]","none"
"Rep. Bobby Rush [D-IL1]","none"
"Rep. Luis Gutierrez [D-IL4]","none"
"Rep. Danny Davis [D-IL7]","none"
"Rep. Robin Kelly [D-IL2]","none"
"Sen. Daniel Coats [R-IN]","none"
"Rep. Luke Messer [R-IN6]","none"
"Rep. Susan Brooks [R-IN5]","none"
"Rep. Jackie Walorski [R-IN2]","none"
"Rep. Todd Young [R-IN9]","none"
"Rep. Larry Bucshon [R-IN8]","none"
"Rep. Todd Rokita [R-IN4]","none"
"Rep. Marlin Stutzman [R-IN3]","none"
"Rep. Andre Carson [D-IN7]","none"
"Sen. Joe Donnelly [D-IN]","none"
"Rep. Peter Visclosky [D-IN1]","none"
"Sen. Mitch McConnell [R-KY]","none"
"Sen. Rand Paul [R-KY]","none"
"Rep. Thomas Massie [R-KY4]","none"
"Rep. Brett Guthrie [R-KY2]","none"
"Rep. John Yarmuth [D-KY3]","none"
"Rep. Ed Whitfield [R-KY1]","none"
"Rep. John Tierney [D-MA6]","none"
"Rep. Richard Neal [D-MA1]","none"
"Rep. Stephen Lynch [D-MA8]","none"
"Rep. Michael Capuano [D-MA7]","none"
"Rep. Dave Camp [R-MI4]","none"
"Sen. Deb Fischer [R-NE]","none"
"Rep. Adrian Smith [R-NE3]","none"
"Rep. Jeff Fortenberry [R-NE1]","none"
"Rep. Lee Terry [R-NE2]","none"
"Sen. Jeanne Shaheen [D-NH]","none"
"Sen. Kelly Ayotte [R-NH]","none"
"Rep. Ann Kuster [D-NH2]","none"
"Rep. Carol Shea-Porter [D-NH1]","none"
"Rep. Donald Payne [D-NJ10]","none"
"Rep. Jon Runyan [R-NJ3]","none"
"Rep. Leonard Lance [R-NJ7]","none"
"Rep. Albio Sires [D-NJ8]","none"
"Rep. Bill Pascrell [D-NJ9]","none"
"Rep. Frank Pallone [D-NJ6]","none"
"Sen. Cory Booker [D-NJ]","none"
"Sen. Tom Udall [D-NM]","none"
"Rep. Michelle Lujan Grisham [D-NM1]","none"
"Rep. Ben Lujan [D-NM3]","none"
"Sen. Martin Heinrich [D-NM]","none"
"Rep. Marcia Fudge [D-OH11]","none"
"Rep. Robert Latta [R-OH5]","none"
"Rep. Jim Jordan [R-OH4]","none"
"Rep. Michael Turner [R-OH10]","none"
"Rep. Tim Ryan [D-OH13]","none"
"Rep. Marcy Kaptur [D-OH9]","none"
"Rep. Greg Walden [R-OR2]","none"
"Rep. Peter DeFazio [D-OR4]","none"
"Rep. Earl Blumenauer [D-OR3]","none"
"Rep. Matthew Cartwright [D-PA17]","none"
"Rep. Keith Rothfus [R-PA12]","none"
"Rep. Scott Perry [R-PA4]","none"
"Rep. Lou Barletta [R-PA11]","none"
"Rep. Tom Marino [R-PA10]","none"
"Rep. Patrick Meehan [R-PA7]","none"
"Rep. Mike Kelly [R-PA3]","none"
"Rep. Glenn Thompson [R-PA5]","none"
"Rep. Bill Shuster [R-PA9]","none"
"Rep. Charles Dent [R-PA15]","none"
"Rep. Allyson Schwartz [D-PA13]","none"
"Rep. Michael Fitzpatrick [R-PA8]","none"
"Rep. Joseph Pitts [R-PA16]","none"
"Rep. Tim Murphy [R-PA18]","none"
"Rep. Jim Gerlach [R-PA6]","none"
"Rep. Chaka Fattah [D-PA2]","none"
"Rep. Robert Brady [D-PA1]","none"
"Commish. Pedro Pierluisi [D-PR0]","none"
"Rep. David Cicilline [D-RI1]","none"
"Sen. Sheldon Whitehouse [D-RI]","none"
"Sen. Lindsey Graham [R-SC]","none"
"Rep. Tom Rice [R-SC7]","none"
"Rep. Mick Mulvaney [R-SC5]","none"
"Rep. Trey Gowdy [R-SC4]","none"
"Rep. Jeff Duncan [R-SC3]","none"
"Sen. Tim Scott [R-SC]","none"
"Rep. Joe Wilson [R-SC2]","none"
"Sen. Tim Johnson [D-SD]","none"
"Sen. John Thune [R-SD]","none"
"Rep. Kristi Noem [R-SD0]","none"
"Sen. Lamar Alexander [R-TN]","none"
"Rep. Stephen Fincher [R-TN8]","none"
"Rep. Diane Black [R-TN6]","none"
"Rep. Scott DesJarlais [R-TN4]","none"
"Sen. Bob Corker [R-TN]","none"
"Rep. Steve Cohen [D-TN9]","none"
"Rep. Jim Cooper [D-TN5]","none"
"Rep. Marsha Blackburn [R-TN7]","none"
"Sen. John Cornyn [R-TX]","none"
"Rep. Filemon Vela [D-TX34]","none"
"Rep. Marc Veasey [D-TX33]","none"
"Rep. Rob Bishop [R-UT1]","none"
"Sen. Mark Warner [D-VA]","none"
"Sen. Timothy Kaine [D-VA]","none"
"Rep. Morgan Griffith [R-VA9]","none"
"Rep. Robert Hurt [R-VA5]","none"
"Rep. Scott Rigell [R-VA2]","none"
"Rep. Gerald Connolly [D-VA11]","none"
"Rep. Robert Wittman [R-VA1]","none"
"Rep. Frank Wolf [R-VA10]","none"
"Rep. Bob Goodlatte [R-VA6]","none"
"Rep. Randy Forbes [R-VA4]","none"
"Rep. Eric Cantor [R-VA7]","none"
"Del. Donna Christensen [D-VI0]","none"
"Sen. Patrick Leahy [D-VT]","none"
"Rep. Peter Welch [D-VT0]","none"
"Rep. Paul Ryan [R-WI1]","none"
"Rep. Ron Kind [D-WI3]","none"
"Sen. Tammy Baldwin [D-WI]","none"
"Rep. Robert Brady [D-PA1]","none"
"Commish. Pedro Pierluisi [D-PR0]","none"
"Rep. David Cicilline [D-RI1]","none"
"Sen. Sheldon Whitehouse [D-RI]","none"
"Sen. Lindsey Graham [R-SC]","none"
"Rep. Tom Rice [R-SC7]","none"
"Rep. Mick Mulvaney [R-SC5]","none"
"Rep. Trey Gowdy [R-SC4]","none"
"Rep. Jeff Duncan [R-SC3]","none"
"Sen. Tim Scott [R-SC]","none"
"Rep. Joe Wilson [R-SC2]","none"
"Sen. Tim Johnson [D-SD]","none"
"Sen. John Thune [R-SD]","none"
"Rep. Kristi Noem [R-SD0]","none"
"Sen. Lamar Alexander [R-TN]","none"
"Rep. Stephen Fincher [R-TN8]","none"
"Rep. Diane Black [R-TN6]","none"
"Rep. Scott DesJarlais [R-TN4]","none"
"Rep. Bob Goodlatte [R-VA6]","none"
"Rep. Randy Forbes [R-VA4]","none"
"Rep. Eric Cantor [R-VA7]","none"
"Del. Donna Christensen [D-VI0]","none"
"Sen. Patrick Leahy [D-VT]","none"
"Rep. Peter Welch [D-VT0]","none"
"Rep. Ron Kind [D-WI3]","none"
"Sen. Tammy Baldwin [D-WI]","none"
"Rep. David McKinley [R-WV1]","none"
"Sen. Joe Manchin [D-WV]","none"
"Rep. Nick Rahall [D-WV3]","none"
"Rep. Shelley Capito [R-WV2]","none"
"Sen. Michael Enzi [R-WY]","none"
"Rep. Cynthia Lummis [R-WY0]","none"
"Sen. John Barrasso [R-WY]","none"
"Rep. Lamar Smith [R-TX21]","none"
"Rep. Morgan Griffith [R-VA9]","none"
"Rep. Robert Hurt [R-VA5]","none"
"Rep. Scott Rigell [R-VA2]","none"
"Rep. Gerald Connolly [D-VA11]","none"
"Rep. Robert Wittman [R-VA1]","none"
"Rep. Frank Wolf [R-VA10]","none"
"Rep. Bob Goodlatte [R-VA6]","none"
"Rep. Randy Forbes [R-VA4]","none"
"Rep. Eric Cantor [R-VA7]","none"
"Del. Donna Christensen [D-VI0]","none"
"Sen. Patrick Leahy [D-VT]","none"
"Rep. Peter Welch [D-VT0]","none"
"Rep. Ron Kind [D-WI3]","none"
"Sen. Tammy Baldwin [D-WI]","none"
"Rep. David McKinley [R-WV1]","none"
"Sen. Joe Manchin [D-WV]","none"
"Rep. Jon Runyan [R-NJ3]","none"
"Rep. Leonard Lance [R-NJ7]","none"
"Rep. Albio Sires [D-NJ8]","none"
"Rep. Bill Pascrell [D-NJ9]","none"
"Rep. Frank Pallone [D-NJ6]","none"
"Rep. Frank LoBiondo [R-NJ2]","none"
"Rep. Rush Holt [D-NJ12]","none"
"Rep. Scott Garrett [R-NJ5]","none"
"Rep. Rodney Frelinghuysen [R-NJ11]","none"
"Sen. Cory Booker [D-NJ]","none"
"Sen. Tom Udall [D-NM]","none"
"Rep. Michelle Lujan Grisham [D-NM1]","none"
"Rep. Ben Lujan [D-NM3]","none"
"Sen. Martin Heinrich [D-NM]","none"
"Rep. Robert Latta [R-OH5]","none"
"Rep. Jim Jordan [R-OH4]","none"
"Rep. Michael Turner [R-OH10]","none"
"Rep. Tim Ryan [D-OH13]","none"
"Rep. Marcy Kaptur [D-OH9]","none"
"Rep. Steve Chabot [R-OH1]","none"
"Sen. Sherrod Brown [D-OH]","none"
"Rep. John Boehner [R-OH8]","none"
"Sen. Thomas Coburn [R-OK]","none"
"Rep. Markwayne Mullin [R-OK2]","none"
"Rep. Jim Bridenstine [R-OK1]","none"
"Rep. James Lankford [R-OK5]","none"
"Rep. Frank Lucas [R-OK3]","none"
"Rep. Tom Cole [R-OK4]","none"
"Sen. Ron Wyden [D-OR]","none"
"Sen. Jeff Merkley [D-OR]","none"
"Rep. Suzanne Bonamici [D-OR1]","none"
"Rep. Kurt Schrader [D-OR5]","none"
"Rep. Greg Walden [R-OR2]","none"
"Rep. Peter DeFazio [D-OR4]","none"
"Rep. Earl Blumenauer [D-OR3]","none"
"Rep. Matthew Cartwright [D-PA17]","none"
"Rep. Keith Rothfus [R-PA12]","none"
"Rep. Scott Perry [R-PA4]","none"
"Rep. Lou Barletta [R-PA11]","none"
"Rep. Tom Marino [R-PA10]","none"
"Rep. Patrick Meehan [R-PA7]","none"
"Rep. Mike Kelly [R-PA3]","none"
"Rep. Glenn Thompson [R-PA5]","none"
"Rep. Bill Shuster [R-PA9]","none"
"Rep. Charles Dent [R-PA15]","none"
"Rep. Allyson Schwartz [D-PA13]","none"
"Rep. Michael Fitzpatrick [R-PA8]","none"
"Rep. Joseph Pitts [R-PA16]","none"
"Rep. Tim Murphy [R-PA18]","none"
"Rep. Jim Gerlach [R-PA6]","none"
"Rep. Chaka Fattah [D-PA2]","none"
"Rep. Robert Brady [D-PA1]","none"
"Commish. Pedro Pierluisi [D-PR0]","none"
"Rep. David Cicilline [D-RI1]","none"
"Sen. Sheldon Whitehouse [D-RI]","none"
"Sen. Lindsey Graham [R-SC]","none"
"Rep. Tom Rice [R-SC7]","none"
"Rep. Mick Mulvaney [R-SC5]","none"
"Rep. Trey Gowdy [R-SC4]","none"
"Rep. Jeff Duncan [R-SC3]","none"
"Sen. Tim Scott [R-SC]","none"
"Rep. Joe Wilson [R-SC2]","none"
"Sen. Tim Johnson [D-SD]","none"
"Sen. John Thune [R-SD]","none"
"Rep. Kristi Noem [R-SD0]","none"
"Sen. Lamar Alexander [R-TN]","none"
"Rep. Stephen Fincher [R-TN8]","none"
"Rep. Diane Black [R-TN6]","none"
"Rep. Scott DesJarlais [R-TN4]","none"
"Sen. Bob Corker [R-TN]","none"
"Rep. Steve Cohen [D-TN9]","none"
"Rep. Jim Cooper [D-TN5]","none"
"Rep. Marsha Blackburn [R-TN7]","none"
"Sen. John Cornyn [R-TX]","none"
"Rep. Filemon Vela [D-TX34]","none"
"Rep. Marc Veasey [D-TX33]","none"
"Rep. Roger Williams [R-TX25]","none"
"Rep. Pete Gallego [D-TX23]","none"
"Rep. Joaquin Castro [D-TX20]","none"
"Rep. Beto O'Rourke [D-TX16]","none"
"Rep. Randy Weber [R-TX14]","none"
"Sen. Ted Cruz [R-TX]","none"
"Rep. Blake Farenthold [R-TX27]","none"
"Rep. Bill Flores [R-TX17]","none"
"Rep. Pete Olson [R-TX22]","none"
"Rep. Steve Stockman [R-TX36]","none"
"Rep. Henry Cuellar [D-TX28]","none"
"Rep. Kenny Marchant [R-TX24]","none"
"Rep. Michael Conaway [R-TX11]","none"
"Rep. Michael McCaul [R-TX10]","none"
"Rep. Al Green [D-TX9]","none"
"Rep. Ted Poe [R-TX2]","none"
"Rep. Louie Gohmert [R-TX1]","none"
"Rep. Randy Neugebauer [R-TX19]","none"
"Rep. Mac Thornberry [R-TX13]","none"
"Rep. Lamar Smith [R-TX21]","none"
"Rep. Pete Sessions [R-TX32]","none"
"Rep. Sheila Jackson Lee [D-TX18]","none"
"Rep. Eddie Johnson [D-TX30]","none"
"Rep. Sam Johnson [R-TX3]","none"
"Rep. Ruben Hinojosa [D-TX15]","none"
"Rep. Jeb Hensarling [R-TX5]","none"
"Rep. Ralph Hall [R-TX4]","none"
"Rep. Gene Green [D-TX29]","none"
"Rep. Kay Granger [R-TX12]","none"
"Rep. Lloyd Doggett [D-TX35]","none"
"Rep. John Culberson [R-TX7]","none"
"Rep. John Carter [R-TX31]","none"
"Rep. Michael Burgess [R-TX26]","none"
"Rep. Kevin Brady [R-TX8]","none"
"Rep. Joe Barton [R-TX6]","none"
"Sen. Mike Lee [R-UT]","none"
"Rep. Chris Stewart [R-UT2]","none"
"Rep. Jason Chaffetz [R-UT3]","none"
"Sen. Orrin Hatch [R-UT]","none"
"Rep. Jim Matheson [D-UT4]","none"
"Rep. Rob Bishop [R-UT1]","none"
"Sen. Mark Warner [D-VA]","none"
"Sen. Timothy Kaine [D-VA]","none"
"Rep. Morgan Griffith [R-VA9]","none"
"Rep. Robert Hurt [R-VA5]","none"
"Rep. Scott Rigell [R-VA2]","none"
"Rep. Gerald Connolly [D-VA11]","none"
"Rep. Robert Wittman [R-VA1]","none"
"Rep. Frank Wolf [R-VA10]","none"
"Rep. Bob Goodlatte [R-VA6]","none"
"Rep. Randy Forbes [R-VA4]","none"
"Rep. Eric Cantor [R-VA7]","none"
"Del. Donna Christensen [D-VI0]","none"
"Sen. Patrick Leahy [D-VT]","none"
"Rep. Peter Welch [D-VT0]","none"
"Sen. Patty Murray [D-WA]","none"
"Rep. Denny Heck [D-WA10]","none"
"Rep. Derek Kilmer [D-WA6]","none"
"Rep. Suzan DelBene [D-WA1]","none"
"Rep. Jaime Herrera Beutler [R-WA3]","none"
"Rep. David Reichert [R-WA8]","none"
"Rep. Cathy McMorris Rodgers [R-WA5]","none"
"Sen. Maria Cantwell [D-WA]","none"
"Rep. Adam Smith [D-WA9]","none"
"Rep. Jim McDermott [D-WA7]","none"
"Rep. Rick Larsen [D-WA2]","none"
"Rep. Doc Hastings [R-WA4]","none"
"Sen. Ron Johnson [R-WI]","none"
"Rep. Mark Pocan [D-WI2]","none"
"Rep. Reid Ribble [R-WI8]","none"
"Rep. Sean Duffy [R-WI7]","none"
"Rep. Gwen Moore [D-WI4]","none"
"Rep. James Sensenbrenner [R-WI5]","none"
"Rep. Paul Ryan [R-WI1]","none"
"Rep. Ron Kind [D-WI3]","none"
"Sen. Tammy Baldwin [D-WI]","none"
"Rep. David McKinley [R-WV1]","none"
"Sen. Joe Manchin [D-WV]","none"
"Rep. Nick Rahall [D-WV3]","none"
"Rep. Shelley Capito [R-WV2]","none"
"Sen. Michael Enzi [R-WY]","none"
"Rep. Cynthia Lummis [R-WY0]","none"
"Sen. John Barrasso [R-WY]","none"
"45 in HIGH x 36 in WIDE(114.30 cm HIGH x 91.44 cm WIDE)","none"
"63 in HIGH x 39.25 in WIDE(160.02 cm HIGH x 99.69 cm WIDE)","none"
"17 in HIGH x 12.5 in WIDE(43.18 cm HIGH x 31.75 cm WIDE)","none"
"23.75 in HIGH x 30 in WIDE(60.32 cm HIGH x 76.20 cm WIDE)","none"
"18 in HIGH x 36 in WIDE(45.72 cm HIGH x 91.44 cm WIDE)","none"
"16 in HIGH x 26 in WIDE(40.64 cm HIGH x 66.04 cm WIDE)","none"
"70 in HIGH x 61.25 in WIDE(177.80 cm HIGH x 155.57 cm WIDE)","none"
"13 in HIGH x 35 in WIDE(33.02 cm HIGH x 88.90 cm WIDE)","none"
"48 in HIGH x 48 in WIDE(121.92 cm HIGH x 121.92 cm WIDE)","none"
"32 in HIGH x 50 in WIDE(81.28 cm HIGH x 127.00 cm WIDE)","none"
"43.5 in HIGH x 58 in WIDE(110.49 cm HIGH x 147.32 cm WIDE)","none"
"40 in HIGH x 34 in WIDE(101.60 cm HIGH x 86.36 cm WIDE)","none"
"50 in HIGH x 56 in WIDE(127.00 cm HIGH x 142.24 cm WIDE)","none"
"84 in HIGH x 66 in WIDE(213.36 cm HIGH x 167.64 cm WIDE)","none"
"13 in HIGH x 11.5 in WIDE(33.02 cm HIGH x 29.21 cm WIDE)","none"
"109 in HIGH x 68 in WIDE(276.86 cm HIGH x 172.72 cm WIDE)","none"
"30 in HIGH x 24 in WIDE(76.20 cm HIGH x 60.96 cm WIDE)","none"
"27 in HIGH x 34 in WIDE(68.58 cm HIGH x 86.36 cm WIDE)","none"
"48 in HIGH x 51.25 in WIDE(121.92 cm HIGH x 130.17 cm WIDE)","none"
"20 in HIGH x 25 in WIDE(50.80 cm HIGH x 63.50 cm WIDE)","none"
"16 in HIGH x 20 in WIDE(40.64 cm HIGH x 50.80 cm WIDE)","none"
"11 in HIGH x 14 in WIDE(27.94 cm HIGH x 35.56 cm WIDE)","none"
"60 in HIGH x 72 in WIDE(152.40 cm HIGH x 182.88 cm WIDE)","none"
"70 in HIGH x 61.25 in WIDE(177.80 cm HIGH x 155.57 cm WIDE)","none"
"11 in HIGH x 7.75 in WIDE(27.94 cm HIGH x 19.68 cm WIDE)","none"
"60 in HIGH x 47.75 in WIDE(152.40 cm HIGH x 121.28 cm WIDE)","none"
"96 in HIGH x 76 in WIDE(243.84 cm HIGH x 193.04 cm WIDE)","none"
"51.25 in HIGH x 45.75 in WIDE(130.17 cm HIGH x 116.20 cm WIDE)","none"
"70 in HIGH x 68 in WIDE(177.80 cm HIGH x 172.72 cm WIDE)","none"
"16 in HIGH x 20 in WIDE(40.64 cm HIGH x 50.80 cm WIDE)","none"
"59.75 in HIGH x 39.75 in WIDE(151.76 cm HIGH x 100.96 cm WIDE)","none"
"60.125 in HIGH x 40.25 in WIDE(152.72 cm HIGH x 102.23 cm WIDE)","none"
"64.5 in HIGH x 60.5 in WIDE(163.83 cm HIGH x 153.67 cm WIDE)","none"
"16 in HIGH x 17.625 in WIDE(40.64 cm HIGH x 44.77 cm WIDE)","none"
"29.875 in HIGH x 25.5 in WIDE(75.88 cm HIGH x 64.77 cm WIDE)","none"
"41 in HIGH x 57.5 in WIDE(104.14 cm HIGH x 146.05 cm WIDE)","none"
"48 in HIGH x 60 in WIDE(121.92 cm HIGH x 152.40 cm WIDE)","none"
"87.5 in HIGH x 84 in WIDE(222.25 cm HIGH x 213.36 cm WIDE)","none"
"10 in HIGH x 14 in WIDE(25.40 cm HIGH x 35.56 cm WIDE)","none"
"18 in HIGH x 24 in WIDE(45.72 cm HIGH x 60.96 cm WIDE)","none"
"16 in HIGH x 20 in WIDE(40.64 cm HIGH x 50.80 cm WIDE)","none"
"18 in HIGH x 24 in WIDE(45.72 cm HIGH x 60.96 cm WIDE)","none"
"68.5 in HIGH x 69 in WIDE(173.99 cm HIGH x 175.26 cm WIDE)","none"
"24 in HIGH x 72 in WIDE(60.96 cm HIGH x 182.88 cm WIDE)","none"
"18 in HIGH x 24 in WIDE(45.72 cm HIGH x 60.96 cm WIDE)","none"
"18 in HIGH x 24 in WIDE(45.72 cm HIGH x 60.96 cm WIDE)","none"
"36 in HIGH x 40 in WIDE(91.44 cm HIGH x 101.60 cm WIDE)","none"
"101 in HIGH x 96.5 in WIDE(256.54 cm HIGH x 245.11 cm WIDE)","none"
"60 in HIGH x 42 in WIDE(152.40 cm HIGH x 106.68 cm WIDE)","none"
"29.75 in HIGH(75.56 cm HIGH)","none"
"40.5 in HIGH x 30 in WIDE(102.87 cm HIGH x 76.20 cm WIDE)","none"
"60 in HIGH x 54 in WIDE(152.40 cm HIGH x 137.16 cm WIDE)","none"
"60 in HIGH x 60 in WIDE(152.40 cm HIGH x 152.40 cm WIDE)","none"
"49.5 in HIGH x 37.5 in WIDE(125.73 cm HIGH x 95.25 cm WIDE)","none"
"12 in HIGH x 10 in WIDE(30.48 cm HIGH x 25.40 cm WIDE)","none"
"75 in HIGH x 48 in WIDE(190.50 cm HIGH x 121.92 cm WIDE)","none"
"18 in HIGH x 24 in WIDE(45.72 cm HIGH x 60.96 cm WIDE)","none"
"38.5 in HIGH x 54.5 in WIDE(97.79 cm HIGH x 138.43 cm WIDE)","none"
"48 in HIGH x 60 in WIDE(121.92 cm HIGH x 152.40 cm WIDE)","none"
"84.25 in HIGH x 66.25 in WIDE(213.99 cm HIGH x 168.27 cm WIDE)","none"
"93 in HIGH x 76 in WIDE(236.22 cm HIGH x 193.04 cm WIDE)","none"
"82 in HIGH x 119.5 in WIDE(208.28 cm HIGH x 303.53 cm WIDE)","none"
"72 in HIGH x 144 in WIDE(182.88 cm HIGH x 365.76 cm WIDE)","none"
"36 in HIGH x 48 in WIDE(91.44 cm HIGH x 121.92 cm WIDE)","none"
"12.75 in HIGH x 8.5 in WIDE(32.38 cm HIGH x 21.59 cm WIDE)","none"
"14 in HIGH x 18.125 in WIDE(35.56 cm HIGH x 46.04 cm WIDE)","none"
"36 in HIGH x 42 in WIDE(91.44 cm HIGH x 106.68 cm WIDE)","none"
"20 in HIGH x 20 in WIDE(50.80 cm HIGH x 50.80 cm WIDE)","none"
"60 in HIGH x 48 in WIDE(152.40 cm HIGH x 121.92 cm WIDE)","none"
"22 in HIGH x 28 in WIDE(55.88 cm HIGH x 71.12 cm WIDE)","none"
"8 in HIGH x 10 in WIDE(20.32 cm HIGH x 25.40 cm WIDE)","none"
"16 in HIGH x 14 in WIDE(40.64 cm HIGH x 35.56 cm WIDE)","none"
"12.125 in HIGH x 16 in WIDE(30.80 cm HIGH x 40.64 cm WIDE)","none"
"85 in HIGH x 80 in WIDE(215.90 cm HIGH x 203.20 cm WIDE)","none"
"59.75 in WIDE(151.76 cm WIDE)","none"
"74.5 in HIGH x 67.5 in WIDE(189.23 cm HIGH x 171.45 cm WIDE)","none"
"31 in HIGH x 36.5 in WIDE(78.74 cm HIGH x 92.71 cm WIDE)","none"
"78 in HIGH x 104 in WIDE(198.12 cm HIGH x 264.16 cm WIDE)","none"
"24 in HIGH x 36 in WIDE(60.96 cm HIGH x 91.44 cm WIDE)","none"
"54 in HIGH x 54 in WIDE(137.16 cm HIGH x 137.16 cm WIDE)","none"
"48 in HIGH x 36 in WIDE(121.92 cm HIGH x 91.44 cm WIDE)","none"
"22 in HIGH x 46 in WIDE(55.88 cm HIGH x 116.84 cm WIDE)","none"
"82 in HIGH x 82 in WIDE(208.28 cm HIGH x 208.28 cm WIDE)","none"
"30.25 in HIGH x 24.375 in WIDE(76.83 cm HIGH x 61.91 cm WIDE)","none"
"96 in HIGH x 80 in WIDE(243.84 cm HIGH x 203.20 cm WIDE)","none"
"80 in HIGH x 160 in WIDE(203.20 cm HIGH x 406.40 cm WIDE)","none"
"96 in HIGH x 80 in WIDE(243.84 cm HIGH x 203.20 cm WIDE)","none"
"37 in HIGH x 17.75 in WIDE(93.98 cm HIGH x 45.08 cm WIDE)","none"
"35 in HIGH x 36 in WIDE(88.90 cm HIGH x 91.44 cm WIDE)","none"
"65 in HIGH x 53 in WIDE(165.10 cm HIGH x 134.62 cm WIDE)","none"
"80 in HIGH x 110 in WIDE(203.20 cm HIGH x 279.40 cm WIDE)","none"
"22 in HIGH x 18 in WIDE(55.88 cm HIGH x 45.72 cm WIDE)","none"
"84 in HIGH x 60 in WIDE(213.36 cm HIGH x 152.40 cm WIDE)","none"
"9 in HIGH x 89 in WIDE(22.86 cm HIGH x 226.06 cm WIDE)","none"
"23.5 in HIGH x 17.5 in WIDE(59.69 cm HIGH x 44.45 cm WIDE)","none"
"26 in HIGH x 41.5 in WIDE(66.04 cm HIGH x 105.41 cm WIDE)","none"
"71 in HIGH x 37 in WIDE(180.34 cm HIGH x 93.98 cm WIDE)","none"
"60 in HIGH x 60 in WIDE(152.40 cm HIGH x 152.40 cm WIDE)","none"
"18.5 in HIGH x 17 in WIDE(46.99 cm HIGH x 43.18 cm WIDE)","none"
"9.75 in HIGH x 8.25 in WIDE(24.76 cm HIGH x 20.95 cm WIDE)","none"
"48 in HIGH x 48 in WIDE(121.92 cm HIGH x 121.92 cm WIDE)","none"
"64 in HIGH x 68 in WIDE(162.56 cm HIGH x 172.72 cm WIDE)","none"
"44.375 in HIGH x 54 in WIDE(112.71 cm HIGH x 137.16 cm WIDE)","none"
"80 in HIGH x 72 in WIDE(203.20 cm HIGH x 182.88 cm WIDE)","none"
"9 in HIGH x 12 in WIDE(22.86 cm HIGH x 30.48 cm WIDE)","none"
"60 in HIGH x 72 in WIDE(152.40 cm HIGH x 182.88 cm WIDE)","none"
"90 in HIGH x 90 in WIDE(228.60 cm HIGH x 228.60 cm WIDE)","none"
"96 in HIGH x 72 in WIDE(243.84 cm HIGH x 182.88 cm WIDE)","none"
"94 in HIGH x 77 in WIDE(238.76 cm HIGH x 195.58 cm WIDE)","none"
"36.5 in HIGH x 28.875 in WIDE(92.71 cm HIGH x 73.34 cm WIDE)","none"
"20.25 in HIGH x 22 in WIDE(51.43 cm HIGH x 55.88 cm WIDE)","none"
"13 in HIGH x 17 in WIDE(33.02 cm HIGH x 43.18 cm WIDE)","none"
"20 in HIGH x 16 in WIDE(50.80 cm HIGH x 40.64 cm WIDE)","none"
"4.75 in HIGH x 4.75 in WIDE(12.06 cm HIGH x 12.06 cm WIDE)","none"
"4.75 in HIGH x 4.75 in WIDE(12.06 cm HIGH x 12.06 cm WIDE)","none"
"13.625 in HIGH x 9.875 in WIDE(34.61 cm HIGH x 25.08 cm WIDE)","none"
"13 in HIGH x 16.5 in WIDE(33.02 cm HIGH x 41.91 cm WIDE)","none"
"13.75 in HIGH x 15 in WIDE(34.92 cm HIGH x 38.10 cm WIDE)","none"
"22 in HIGH x 17.5 in WIDE(55.88 cm HIGH x 44.45 cm WIDE)","none"
"20 in HIGH x 25 in WIDE(50.80 cm HIGH x 63.50 cm WIDE)","none"
"24 in HIGH x 50 in WIDE(60.96 cm HIGH x 127.00 cm WIDE)","none"
"92 in HIGH x 66 in WIDE(233.68 cm HIGH x 167.64 cm WIDE)","none"
"18 in HIGH x 24 in WIDE(45.72 cm HIGH x 60.96 cm WIDE)","none"
"22.75 in HIGH x 28.5 in WIDE(57.78 cm HIGH x 72.39 cm WIDE)","none"
"26.25 in HIGH x 42 in WIDE(66.67 cm HIGH x 106.68 cm WIDE)","none"
"26 in HIGH x 42 in WIDE(66.04 cm HIGH x 106.68 cm WIDE)","none"
"14.25 in HIGH x 21.25 in WIDE(36.19 cm HIGH x 53.97 cm WIDE)","none"
"14.5 in HIGH x 30.5 in WIDE(36.83 cm HIGH x 77.47 cm WIDE)","none"
"8.38 in HIGH x 10.38 in WIDE(21.29 cm HIGH x 26.37 cm WIDE)","none"
"20 in. HIGH x 24 in. WIDE","none"
"33 in HIGH x 23.5 in WIDE(83.82 cm HIGH x 59.69 cm WIDE)","none"
"24 in HIGH x 18.25 in WIDE(60.96 cm HIGH x 46.35 cm WIDE)","none"
"26.5 in HIGH x 23.25 in WIDE(67.31 cm HIGH x 59.05 cm WIDE)","none"
"10 in HIGH x 10.625 in WIDE(25.40 cm HIGH x 26.99 cm WIDE)","none"
"14 in HIGH x 12 in WIDE(35.56 cm HIGH x 30.48 cm WIDE)","none"
"5.13 in HIGH x 9.375 in WIDE(13.03 cm HIGH x 23.81 cm WIDE)","none"
"5.375 in HIGH x 9.375 in WIDE(13.65 cm HIGH x 23.81 cm WIDE)","none"
"5.25 in HIGH x 9.375 in WIDE(13.33 cm HIGH x 23.81 cm WIDE)","none"
"51 in HIGH x 31.5 in WIDE(129.54 cm HIGH x 80.01 cm WIDE)","none"
"29 in HIGH x 23.5 in WIDE(73.66 cm HIGH x 59.69 cm WIDE)","none"
"26 in HIGH x 30 in WIDE(66.04 cm HIGH x 76.20 cm WIDE)","none"
"25.25 in HIGH x 10 in WIDE(64.13 cm HIGH x 25.40 cm WIDE)","none"
"20 in HIGH x 24 in WIDE(50.80 cm HIGH x 60.96 cm WIDE)","none"
"13 in HIGH x 18 in WIDE(33.02 cm HIGH x 45.72 cm WIDE)","none"
"33.5 in HIGH x 39 in WIDE(85.09 cm HIGH x 99.06 cm WIDE)","none"
"20 in HIGH x 16.5 in WIDE(50.80 cm HIGH x 41.91 cm WIDE)","none"
"11 in HIGH x 14 in WIDE(27.94 cm HIGH x 35.56 cm WIDE)","none"
"20 in HIGH x 26 in WIDE(50.80 cm HIGH x 66.04 cm WIDE)","none"
"49.5 in HIGH x 37.25 in WIDE(125.73 cm HIGH x 94.61 cm WIDE)","none"
"9.5 in HIGH x 11.875 in WIDE(24.13 cm HIGH x 30.16 cm WIDE)","none"
"46 in HIGH x 35.75 in WIDE(116.84 cm HIGH x 90.80 cm WIDE)","none"
"14.875 in HIGH x 22.125 in WIDE(37.78 cm HIGH x 56.20 cm WIDE)","none"
"34.5 in HIGH x 24 in WIDE(87.63 cm HIGH x 60.96 cm WIDE)","none"
"20 in HIGH x 14.125 in WIDE(50.80 cm HIGH x 35.88 cm WIDE)","none"
"30 in HIGH x 24.25 in WIDE(76.20 cm HIGH x 61.59 cm WIDE)","none"
"52 in HIGH x 57.5 in WIDE(132.08 cm HIGH x 146.05 cm WIDE)","none"
"12 in HIGH x 12 in WIDE(30.48 cm HIGH x 30.48 cm WIDE)","none"
"16 in HIGH x 20 in WIDE(40.64 cm HIGH x 50.80 cm WIDE)","none"
"16 in HIGH x 20 in WIDE(40.64 cm HIGH x 50.80 cm WIDE)","none"
"16 in HIGH x 20 in WIDE(40.64 cm HIGH x 50.80 cm WIDE)","none"
"18 in HIGH x 14 in WIDE(45.72 cm HIGH x 35.56 cm WIDE)","none"
"16 in HIGH x 20 in WIDE(40.64 cm HIGH x 50.80 cm WIDE)","none"
"16 in HIGH x 20 in WIDE(40.64 cm HIGH x 50.80 cm WIDE)","none"
"16 in HIGH x 20 in WIDE(40.64 cm HIGH x 50.80 cm WIDE)","none"
"30.125 in HIGH x 25.25 in WIDE(76.52 cm HIGH x 64.13 cm WIDE)","none"
"82.63 in HIGH x 70.63 in WIDE(209.88 cm HIGH x 179.40 cm WIDE)","none"
"30 in HIGH x 25 in WIDE(76.20 cm HIGH x 63.50 cm WIDE)","none"
"39.5 in HIGH x 72 in WIDE(100.33 cm HIGH x 182.88 cm WIDE)","none"
"30 in HIGH x 52 in WIDE(76.20 cm HIGH x 132.08 cm WIDE)","none"
"34 in HIGH x 27 in WIDE(86.36 cm HIGH x 68.58 cm WIDE)","none"
"34.5 in HIGH x 30.75 in WIDE(87.63 cm HIGH x 78.10 cm WIDE)","none"
"21.25 in HIGH x 30 in WIDE(53.97 cm HIGH x 76.20 cm WIDE)","none"
"5.75 in HIGH x 8.75 in WIDE(14.60 cm HIGH x 22.22 cm WIDE)","none"
"36.5 in HIGH x 28.75 in WIDE(92.71 cm HIGH x 73.02 cm WIDE)","none"
"49 in HIGH x 80 in WIDE(124.46 cm HIGH x 203.20 cm WIDE)","none"
"39 in HIGH x 50 in WIDE(99.06 cm HIGH x 127.00 cm WIDE)","none"
"30.25 in HIGH x 26 in WIDE(76.83 cm HIGH x 66.04 cm WIDE)","none"
"30 in HIGH x 36 in WIDE(76.20 cm HIGH x 91.44 cm WIDE)","none"
"28 in HIGH x 36 in WIDE(71.12 cm HIGH x 91.44 cm WIDE)","none"
"19.5 in HIGH x 26.375 in WIDE(49.53 cm HIGH x 66.99 cm WIDE)","none"
"46 in HIGH x 33.5 in WIDE(116.84 cm HIGH x 85.09 cm WIDE)","none"
"10 in HIGH x 12 in WIDE(25.40 cm HIGH x 30.48 cm WIDE)","none"
"7.75 in HIGH x 12 in WIDE(19.68 cm HIGH x 30.48 cm WIDE)","none"
"10 in HIGH x 14.25 in WIDE(25.40 cm HIGH x 36.19 cm WIDE)","none"
"7.5 in HIGH x 14 in WIDE(19.05 cm HIGH x 35.56 cm WIDE)","none"
"10 in HIGH x 14.25 in WIDE(25.40 cm HIGH x 36.19 cm WIDE)","none"
"14 in HIGH x 17 in WIDE(35.56 cm HIGH x 43.18 cm WIDE)","none"
"72 in HIGH x 72 in WIDE(182.88 cm HIGH x 182.88 cm WIDE)","none"
"12 in HIGH x 20 in WIDE(30.48 cm HIGH x 50.80 cm WIDE)","none"
"29.25 in HIGH x 28.5 in WIDE(74.29 cm HIGH x 72.39 cm WIDE)","none"
"12 in HIGH x 12 in WIDE(30.48 cm HIGH x 30.48 cm WIDE)","none"
"12 in HIGH x 12 in WIDE(30.48 cm HIGH x 30.48 cm WIDE)","none"
"52 in. HIGH x 48 in. WIDE","none"
"8.75 in HIGH x 11.375 in WIDE(22.22 cm HIGH x 28.89 cm WIDE)","none"
"13.25 in HIGH x 18.25 in WIDE(33.65 cm HIGH x 46.35 cm WIDE)","none"
"16.125 in HIGH x 24.125 in WIDE(40.96 cm HIGH x 61.28 cm WIDE)","none"
"36 in HIGH x 48 in WIDE(91.44 cm HIGH x 121.92 cm WIDE)","none"
"23 in HIGH x 31 in WIDE(58.42 cm HIGH x 78.74 cm WIDE)","none"
"26 in HIGH x 21 in WIDE(66.04 cm HIGH x 53.34 cm WIDE)","none"
"11.5 in HIGH x 15.5 in WIDE(29.21 cm HIGH x 39.37 cm WIDE)","none"
"17.25 in HIGH x 27.5 in WIDE(43.81 cm HIGH x 69.85 cm WIDE)","none"
"14.75 in HIGH x 9.5 in WIDE(37.46 cm HIGH x 24.13 cm WIDE)","none"
"48.25 in HIGH x 58 in WIDE(122.55 cm HIGH x 147.32 cm WIDE)","none"
"14.5 in HIGH x 14.25 in WIDE(36.83 cm HIGH x 36.19 cm WIDE)","none"
"50 in HIGH x 40 in WIDE(127.00 cm HIGH x 101.60 cm WIDE)","none"
"18 in HIGH x 24 in WIDE(45.72 cm HIGH x 60.96 cm WIDE)","none"
"26.25 in HIGH x 28.25 in WIDE(66.67 cm HIGH x 71.75 cm WIDE)","none"
"15.5 in HIGH x 19.75 in WIDE(39.37 cm HIGH x 50.16 cm WIDE)","none"
"12 in HIGH x 14.75 in WIDE(30.48 cm HIGH x 37.46 cm WIDE)","none"
"24 in HIGH x 20.5 in WIDE(60.96 cm HIGH x 52.07 cm WIDE)","none"
"24 in HIGH x 30 in WIDE(60.96 cm HIGH x 76.20 cm WIDE)","none"
"20 in HIGH x 23.75 in WIDE(50.80 cm HIGH x 60.32 cm WIDE)","none"
"29 in HIGH x 40.13 in WIDE(73.66 cm HIGH x 101.93 cm WIDE)","none"
"22 in HIGH x 32 in WIDE(55.88 cm HIGH x 81.28 cm WIDE)","none"
"16 in HIGH x 16 in WIDE(40.64 cm HIGH x 40.64 cm WIDE)","none"
"14 in HIGH x 20 in WIDE(35.56 cm HIGH x 50.80 cm WIDE)","none"
"36 in HIGH x 36 in WIDE(91.44 cm HIGH x 91.44 cm WIDE)","none"
"16 in HIGH x 16.26 in WIDE(40.64 cm HIGH x 41.30 cm WIDE)","none"
"21.75 in HIGH x 26.75 in WIDE(55.24 cm HIGH x 67.94 cm WIDE)","none"
"26.5 in HIGH x 22 in WIDE(67.31 cm HIGH x 55.88 cm WIDE)","none"
"25.5 in HIGH x 22.5 in WIDE(64.77 cm HIGH x 57.15 cm WIDE)","none"
"50.5 in HIGH x 38 in WIDE(128.27 cm HIGH x 96.52 cm WIDE)","none"
"35 in HIGH x 55.5 in WIDE(88.90 cm HIGH x 140.97 cm WIDE)","none"
"88 in HIGH x 72 in WIDE(223.52 cm HIGH x 182.88 cm WIDE)","none"
"6.75 in HIGH x 10.25 in WIDE(17.14 cm HIGH x 26.03 cm WIDE)","none"
"20 in HIGH x 30.5 in WIDE(50.80 cm HIGH x 77.47 cm WIDE)","none"
"16 in HIGH x 20 in WIDE(40.64 cm HIGH x 50.80 cm WIDE)","none"
"20 in HIGH x 20 in WIDE(50.80 cm HIGH x 50.80 cm WIDE)","none"
"31 in HIGH x 38.5 in WIDE(78.74 cm HIGH x 97.79 cm WIDE)","none"
"36 in HIGH x 30 in WIDE(91.44 cm HIGH x 76.20 cm WIDE)","none"
"20 in HIGH x 37 in WIDE(50.80 cm HIGH x 93.98 cm WIDE)","none"
"35.5 in HIGH x 30.25 in WIDE(90.17 cm HIGH x 76.83 cm WIDE)","none"
"16 in HIGH x 20 in WIDE(40.64 cm HIGH x 50.80 cm WIDE)","none"
"16.25 in HIGH x 22.25 in WIDE(41.27 cm HIGH x 56.51 cm WIDE)","none"
"36 in HIGH x 62 in WIDE(91.44 cm HIGH x 157.48 cm WIDE)","none"
"20 in HIGH x 24 in WIDE(50.80 cm HIGH x 60.96 cm WIDE)","none"
"17.75 in HIGH x 40 in WIDE(45.08 cm HIGH x 101.60 cm WIDE)","none"
"83.5 in HIGH x 46.5 in WIDE(212.09 cm HIGH x 118.11 cm WIDE)","none"
"30.5 in HIGH x 36 in WIDE(77.47 cm HIGH x 91.44 cm WIDE)","none"
"24 in HIGH x 30 in WIDE(60.96 cm HIGH x 76.20 cm WIDE)","none"
"12 in HIGH x 16 in WIDE(30.48 cm HIGH x 40.64 cm WIDE)","none"
"11.625 in HIGH x 9.75 in WIDE(29.53 cm HIGH x 24.76 cm WIDE)","none"
"19.5 in HIGH x 23.25 in WIDE(49.53 cm HIGH x 59.05 cm WIDE)","none"
"18 in HIGH x 24 in WIDE(45.72 cm HIGH x 60.96 cm WIDE)","none"
"38 in HIGH x 50 in WIDE(96.52 cm HIGH x 127.00 cm WIDE)","none"
"36 in HIGH x 22.5 in WIDE(91.44 cm HIGH x 57.15 cm WIDE)","none"
"23.13 in HIGH x 26 in WIDE(58.75 cm HIGH x 66.04 cm WIDE)","none"
"22 in HIGH x 26 in WIDE(55.88 cm HIGH x 66.04 cm WIDE)","none"
"26 in HIGH x 23 in WIDE(66.04 cm HIGH x 58.42 cm WIDE)","none"
"30 in HIGH x 26 in WIDE(76.20 cm HIGH x 66.04 cm WIDE)","none"
"39.75 in HIGH x 29 in WIDE(100.96 cm HIGH x 73.66 cm WIDE)","none"
"10 in HIGH x 8 in WIDE(25.40 cm HIGH x 20.32 cm WIDE)","none"
"26 in HIGH x 30 in WIDE(66.04 cm HIGH x 76.20 cm WIDE)","none"
"15.13 in HIGH x 6.75 in WIDE(38.43 cm HIGH x 17.14 cm WIDE)","none"
"24 in HIGH x 21.63 in WIDE(60.96 cm HIGH x 54.94 cm WIDE)","none"
"10.25 in HIGH x 8.63 in WIDE(26.03 cm HIGH x 21.92 cm WIDE)","none"
"12 in HIGH x 9.5 in WIDE(30.48 cm HIGH x 24.13 cm WIDE)","none"
"26 in HIGH x 19 in WIDE(66.04 cm HIGH x 48.26 cm WIDE)","none"
"3.87 in HIGH x 5.87 in WIDE(9.83 cm HIGH x 14.91 cm WIDE)","none"
"5.87 in HIGH x 3.87 in WIDE(14.91 cm HIGH x 9.83 cm WIDE)","none"
"22 in HIGH x 25 in WIDE(55.88 cm HIGH x 63.50 cm WIDE)","none"
"30 in HIGH x 26 in WIDE(76.20 cm HIGH x 66.04 cm WIDE)","none"
"23 in HIGH x 26 in WIDE(58.42 cm HIGH x 66.04 cm WIDE)","none"
"23 in HIGH x 26 in WIDE(58.42 cm HIGH x 66.04 cm WIDE)","none"
"26 in HIGH x 22 in WIDE(66.04 cm HIGH x 55.88 cm WIDE)","none"
"29.5 in HIGH x 39.5 in WIDE(74.93 cm HIGH x 100.33 cm WIDE)","none"
"22 in HIGH x 27 in WIDE(55.88 cm HIGH x 68.58 cm WIDE)","none"
"26.75 in HIGH x 30.75 in WIDE(67.94 cm HIGH x 78.10 cm WIDE)","none"
"10.25 in. HIGH x 8.5 in. WIDE","none"
"20.5 in. HIGH x 17.5 in. WIDE","none"
"26 in. HIGH x 22.5 in. WIDE","none"
"13 in. HIGH x 8.875 in. WIDE","none"
"94 in HIGH x 78 in WIDE(238.76 cm HIGH x 198.12 cm WIDE)","none"
"20 in HIGH x 24.25 in WIDE(50.80 cm HIGH x 61.59 cm WIDE)","none"
"28 in HIGH x 42.25 in WIDE(71.12 cm HIGH x 107.31 cm WIDE)","none"
"10 in HIGH x 8.5 in WIDE(25.40 cm HIGH x 21.59 cm WIDE)","none"
"10 in HIGH x 8 in WIDE(25.40 cm HIGH x 20.32 cm WIDE)","none"
"10.25 in HIGH x 7.5 in WIDE(26.03 cm HIGH x 19.05 cm WIDE)","none"
"10 in HIGH x 7.75 in WIDE(25.40 cm HIGH x 19.68 cm WIDE)","none"
"10 in HIGH x 8.5 in WIDE(25.40 cm HIGH x 21.59 cm WIDE)","none"
"10 in HIGH x 7.5 in WIDE(25.40 cm HIGH x 19.05 cm WIDE)","none"
"24 in HIGH x 52 in WIDE(60.96 cm HIGH x 132.08 cm WIDE)","none"
"36 in HIGH x 58 in WIDE(91.44 cm HIGH x 147.32 cm WIDE)","none"
"60 in HIGH x 72 in WIDE(152.40 cm HIGH x 182.88 cm WIDE)","none"
"13 in HIGH x 18 in WIDE(33.02 cm HIGH x 45.72 cm WIDE)","none"
"18.625 in HIGH x 21.375 in WIDE(47.31 cm HIGH x 54.29 cm WIDE)","none"
"24 in HIGH x 20 in WIDE(60.96 cm HIGH x 50.80 cm WIDE)","none"
"34.25 in HIGH x 26.5 in WIDE(86.99 cm HIGH x 67.31 cm WIDE)","none"
"18 in HIGH x 26 in WIDE(45.72 cm HIGH x 66.04 cm WIDE)","none"
"22.5 in HIGH x 36.875 in WIDE(57.15 cm HIGH x 93.66 cm WIDE)","none"
"36 in HIGH x 54 in WIDE(91.44 cm HIGH x 137.16 cm WIDE)","none"
"30 in HIGH x 25 in WIDE(76.20 cm HIGH x 63.50 cm WIDE)","none"
"48 in HIGH x 76.75 in WIDE(121.92 cm HIGH x 194.94 cm WIDE)","none"
"13.5 in HIGH x 9 in WIDE(34.29 cm HIGH x 22.86 cm WIDE)","none"
"14 in HIGH x 21 in WIDE(35.56 cm HIGH x 53.34 cm WIDE)","none"
"12 in HIGH x 20 in WIDE(30.48 cm HIGH x 50.80 cm WIDE)","none"
"30 in HIGH x 25 in WIDE(76.20 cm HIGH x 63.50 cm WIDE)","none"
"36.25 in HIGH x 29 in WIDE(92.07 cm HIGH x 73.66 cm WIDE)","none"
"27 in HIGH x 38 in WIDE(68.58 cm HIGH x 96.52 cm WIDE)","none"
"20 in HIGH x 28 in WIDE(50.80 cm HIGH x 71.12 cm WIDE)","none"
"14 in HIGH x 24 in WIDE(35.56 cm HIGH x 60.96 cm WIDE)","none"
"24.25 in HIGH x 18 in WIDE(61.59 cm HIGH x 45.72 cm WIDE)","none"
"13 in HIGH x 21 in WIDE(33.02 cm HIGH x 53.34 cm WIDE)","none"
"32 in HIGH x 48 in WIDE(81.28 cm HIGH x 121.92 cm WIDE)","none"
"12 in HIGH x 28.25 in WIDE(30.48 cm HIGH x 71.75 cm WIDE)","none"
"29 in HIGH x 22 in WIDE(73.66 cm HIGH x 55.88 cm WIDE)","none"
"24.87 in HIGH x 29.75 in WIDE(63.17 cm HIGH x 75.56 cm WIDE)","none"
"55.5 in HIGH x 35.5 in WIDE(140.97 cm HIGH x 90.17 cm WIDE)","none"
"16 in HIGH x 20 in WIDE(40.64 cm HIGH x 50.80 cm WIDE)","none"
"34 in HIGH x 26.75 in WIDE(86.36 cm HIGH x 67.94 cm WIDE)","none"
"26 in HIGH x 16 in WIDE(66.04 cm HIGH x 40.64 cm WIDE)","none"
"11 in HIGH x 17.5 in WIDE(27.94 cm HIGH x 44.45 cm WIDE)","none"
"55 in HIGH x 89 in WIDE(139.70 cm HIGH x 226.06 cm WIDE)","none"
"24 in HIGH x 16 in WIDE(60.96 cm HIGH x 40.64 cm WIDE)","none"
"40 in HIGH x 30 in WIDE(101.60 cm HIGH x 76.20 cm WIDE)","none"
"40 in HIGH x 60 in WIDE(101.60 cm HIGH x 152.40 cm WIDE)","none"
"54 in HIGH x 84 in WIDE(137.16 cm HIGH x 213.36 cm WIDE)","none"
"7.87 in HIGH x 12 in WIDE(19.99 cm HIGH x 30.48 cm WIDE)","none"
"16.5 in HIGH x 12.5 in WIDE(41.91 cm HIGH x 31.75 cm WIDE)","none"
"30.5 in HIGH x 50 in WIDE(77.47 cm HIGH x 127.00 cm WIDE)","none"
"34.5 in HIGH x 46.25 in WIDE(87.63 cm HIGH x 117.47 cm WIDE)","none"
"40 in HIGH x 30 in WIDE(101.60 cm HIGH x 76.20 cm WIDE)","none"
"44 in HIGH x 32 in WIDE(111.76 cm HIGH x 81.28 cm WIDE)","none"
"20 in HIGH x 30 in WIDE(50.80 cm HIGH x 76.20 cm WIDE)","none"
"36 in HIGH x 66 in WIDE(91.44 cm HIGH x 167.64 cm WIDE)","none"
"35 in HIGH x 43 in WIDE(88.90 cm HIGH x 109.22 cm WIDE)","none"
"24 in HIGH x 16 in WIDE(60.96 cm HIGH x 40.64 cm WIDE)","none"
"33 in HIGH x 33 in WIDE(83.82 cm HIGH x 83.82 cm WIDE)","none"
"62 in HIGH x 132.75 in WIDE(157.48 cm HIGH x 337.18 cm WIDE)","none"
"24 in HIGH x 16 in WIDE(60.96 cm HIGH x 40.64 cm WIDE)","none"
"30 in HIGH x 36 in WIDE(76.20 cm HIGH x 91.44 cm WIDE)","none"
"48.25 in HIGH x 24 in WIDE(122.55 cm HIGH x 60.96 cm WIDE)","none"
"53 in HIGH x 35 in WIDE(134.62 cm HIGH x 88.90 cm WIDE)","none"
"18 in HIGH x 12.63 in WIDE(45.72 cm HIGH x 32.08 cm WIDE)","none"
"36 in HIGH x 24 in WIDE(91.44 cm HIGH x 60.96 cm WIDE)","none"
"14 in HIGH x 22 in WIDE(35.56 cm HIGH x 55.88 cm WIDE)","none"
"19.25 in HIGH x 10.25 in WIDE(48.89 cm HIGH x 26.03 cm WIDE)","none"
"60 in HIGH x 48 in WIDE(152.40 cm HIGH x 121.92 cm WIDE)","none"
"10.25 in HIGH x 8.25 in WIDE(26.03 cm HIGH x 20.95 cm WIDE)","none"
"10.25 in HIGH x 8.63 in WIDE(26.03 cm HIGH x 21.92 cm WIDE)","none"
"28 in HIGH x 23.5 in WIDE(71.12 cm HIGH x 59.69 cm WIDE)","none"
"3.87 in. HIGH x 5.87 in. WIDE","none"
"3.87 in. HIGH x 5.87 in. WIDE","none"
"17 in HIGH x 12 in WIDE(43.18 cm HIGH x 30.48 cm WIDE)","none"
"10.25 in HIGH x 9.5 in WIDE(26.03 cm HIGH x 24.13 cm WIDE)","none"
"30 in HIGH x 47 in WIDE(76.20 cm HIGH x 119.38 cm WIDE)","none"
"42.25 in HIGH x 36.5 in WIDE(107.31 cm HIGH x 92.71 cm WIDE)","none"
"16 in HIGH x 13 in WIDE(40.64 cm HIGH x 33.02 cm WIDE)","none"
"48 in HIGH x 52 in WIDE(121.92 cm HIGH x 132.08 cm WIDE)","none"
"19 in HIGH x 14 in WIDE(48.26 cm HIGH x 35.56 cm WIDE)","none"
"22.5 in HIGH x 17 in WIDE(57.15 cm HIGH x 43.18 cm WIDE)","none"
"72.25 in HIGH x 64 in WIDE(183.51 cm HIGH x 162.56 cm WIDE)","none"
"14.375 in HIGH x 19.25 in WIDE(36.51 cm HIGH x 48.89 cm WIDE)","none"
"72.25 in HIGH x 64 in WIDE(183.51 cm HIGH x 162.56 cm WIDE)","none"
"47.5 in. HIGH x 38 in. WIDE","none"
"8.5 in HIGH x 11.25 in WIDE(21.59 cm HIGH x 28.57 cm WIDE)","none"
"3.375 in HIGH x 2.875 in WIDE(8.57 cm HIGH x 7.30 cm WIDE)","none"
"10.125 in HIGH x 6 in WIDE(25.72 cm HIGH x 15.24 cm WIDE)","none"
"26.25 in HIGH x 36 in WIDE(66.67 cm HIGH x 91.44 cm WIDE)","none"
"30 in HIGH x 25.325 in WIDE(76.20 cm HIGH x 64.33 cm WIDE)","none"
"29.5 in HIGH x 24.5 in WIDE(74.93 cm HIGH x 62.23 cm WIDE)","none"
"26 in. HIGH x 23 in. WIDE","none"
"15 in HIGH x 20 in WIDE(38.10 cm HIGH x 50.80 cm WIDE)","none"
"11.5 in HIGH x 14.5 in WIDE(29.21 cm HIGH x 36.83 cm WIDE)","none"
"14.13 in HIGH x 11 in WIDE(35.89 cm HIGH x 27.94 cm WIDE)","none"
"30 in HIGH x 40 in WIDE(76.20 cm HIGH x 101.60 cm WIDE)","none"
"30 in HIGH x 40 in WIDE(76.20 cm HIGH x 101.60 cm WIDE)","none"
"3.87 in HIGH x 5.87 in WIDE(9.83 cm HIGH x 14.91 cm WIDE)","none"
"5.87 in HIGH x 3.87 in WIDE(14.91 cm HIGH x 9.83 cm WIDE)","none"
"3.87 in HIGH x 5.87 in WIDE(9.83 cm HIGH x 14.91 cm WIDE)","none"
"5.87 in HIGH x 3.87 in WIDE(14.91 cm HIGH x 9.83 cm WIDE)","none"
"38.5 in HIGH x 50.75 in WIDE(97.79 cm HIGH x 128.90 cm WIDE)","none"
"24 in HIGH x 29.25 in WIDE(60.96 cm HIGH x 74.29 cm WIDE)","none"
"30 in HIGH x 40 in WIDE(76.20 cm HIGH x 101.60 cm WIDE)","none"
"21.375 in HIGH x 8.75 in WIDE(54.29 cm HIGH x 22.22 cm WIDE)","none"
"38 in HIGH x 50 in WIDE(96.52 cm HIGH x 127.00 cm WIDE)","none"
"30 in HIGH x 36 in WIDE(76.20 cm HIGH x 91.44 cm WIDE)","none"
"19 in HIGH x 14.5 in WIDE(48.26 cm HIGH x 36.83 cm WIDE)","none"
"20 in HIGH x 16 in WIDE(50.80 cm HIGH x 40.64 cm WIDE)","none"
"12 in HIGH x 16.25 in WIDE(30.48 cm HIGH x 41.27 cm WIDE)","none"
"7.25 in HIGH x 9.375 in WIDE(18.41 cm HIGH x 23.81 cm WIDE)","none"
"19.25 in HIGH x 16.25 in WIDE(48.89 cm HIGH x 41.27 cm WIDE)","none"
